Hyb_170,1
Hyb_2260,1
Hyb_4812,1
Hyb_2268,1
Hyb_2269,1
Hyb_4229,1
Hyb_4490,1
Hyb_4815,1
Hyb_4814,1
Hyb_2262,1
Hyb_2263,1
Hyb_2261,1
Hyb_4033,1
Hyb_2266,1
Hyb_2267,1
Hyb_2264,1
Hyb_2265,1
Hyb_2068,1
Hyb_611,1
Hyb_4493,1
Hyb_4947,1
Hyb_4116,1
Hyb_4813,1
Hyb_4817,1
Hyb_5754,1
Hyb_4624,1
Hyb_3427,1
Hyb_3426,1
Hyb_1710,1
Hyb_3424,1
Hyb_614,1
Hyb_5320,1
Hyb_4904,1
Hyb_1717,1
Hyb_5491,1
Hyb_4006,1
Hyb_5753,1
Hyb_5321,1
Hyb_1716,1
Hyb_5772,1
Hyb_4945,1
Hyb_4491,1
Hyb_3432,1
Hyb_4816,1
Hyb_1715,1
Hyb_2060,1
Hyb_2061,1
Hyb_2062,1
Hyb_1514,1
Hyb_1040,1
Hyb_1047,1
Hyb_1510,1
Hyb_1045,1
Hyb_1044,1
Hyb_1049,1
Hyb_1048,1
Hyb_1519,1
Hyb_1518,1
Hyb_5374,1
Hyb_5605,1
Hyb_638,1
Hyb_5607,1
Hyb_4712,1
Hyb_5601,1
Hyb_5375,1
Hyb_5603,1
Hyb_5602,1
Hyb_639,1
Hyb_1517,1
Hyb_1515,1
Hyb_2063,1
Hyb_4298,1
Hyb_2064,1
Hyb_2065,1
Hyb_2066,1
Hyb_2067,1
Hyb_91,1
Hyb_90,1
Hyb_93,1
Hyb_92,1
Hyb_95,1
Hyb_94,1
Hyb_97,1
Hyb_96,1
Hyb_99,1
Hyb_98,1
Hyb_5517,1
Hyb_4625,1
Hyb_5770,1
Hyb_4714,1
Hyb_4622,1
Hyb_3420,1
Hyb_3421,1
Hyb_868,1
Hyb_2089,1
Hyb_360,1
Hyb_5851,1
Hyb_2640,1
Hyb_2641,1
Hyb_2642,1
Hyb_2643,1
Hyb_2644,1
Hyb_2645,1
Hyb_2646,1
Hyb_2647,1
Hyb_2648,1
Hyb_2649,1
Hyb_919,1
Hyb_918,1
Hyb_4818,1
Hyb_5530,1
Hyb_3737,1
Hyb_3736,1
Hyb_3735,1
Hyb_4922,1
Hyb_2088,1
Hyb_3733,1
Hyb_2085,1
Hyb_3939,1
Hyb_3938,1
Hyb_3289,1
Hyb_3288,1
Hyb_3287,1
Hyb_3286,1
Hyb_3285,1
Hyb_3284,1
Hyb_3283,1
Hyb_3282,1
Hyb_3281,1
Hyb_3280,1
Hyb_2082,1
Hyb_2083,1
Hyb_2080,1
Hyb_2081,1
Hyb_2086,1
Hyb_2087,1
Hyb_2084,1
Hyb_3734,1
Hyb_3732,1
Hyb_869,1
Hyb_4960,1
Hyb_2465,1
Hyb_2466,1
Hyb_2395,1
Hyb_2460,1
Hyb_2461,1
Hyb_2462,1
Hyb_2391,1
Hyb_2468,1
Hyb_2469,1
Hyb_2398,1
Hyb_2399,1
Hyb_861,1
Hyb_860,1
Hyb_863,1
Hyb_862,1
Hyb_865,1
Hyb_1711,1
Hyb_867,1
Hyb_866,1
Hyb_2464,1
Hyb_4961,1
Hyb_3439,1
Hyb_4962,1
Hyb_3730,1
Hyb_4811,1
Hyb_3438,1
Hyb_3739,1
Hyb_3738,1
Hyb_5758,1
Hyb_875,1
Hyb_5152,1
Hyb_5759,1
Hyb_1602,1
Hyb_4929,1
Hyb_4222,1
Hyb_4928,1
Hyb_4968,1
Hyb_4967,1
Hyb_3374,1
Hyb_4965,1
Hyb_4964,1
Hyb_4963,1
Hyb_5609,1
Hyb_5608,1
Hyb_4497,1
Hyb_589,1
Hyb_279,1
Hyb_451,1
Hyb_4294,1
Hyb_270,1
Hyb_271,1
Hyb_272,1
Hyb_452,1
Hyb_274,1
Hyb_275,1
Hyb_276,1
Hyb_277,1
Hyb_5451,1
Hyb_453,1
Hyb_5599,1
Hyb_4738,1
Hyb_5498,1
Hyb_1627,1
Hyb_5060,1
Hyb_5282,1
Hyb_278,1
Hyb_588,1
Hyb_5347,1
Hyb_5062,1
Hyb_1263,1
Hyb_1262,1
Hyb_1261,1
Hyb_1260,1
Hyb_1267,1
Hyb_1266,1
Hyb_1265,1
Hyb_456,1
Hyb_586,1
Hyb_587,1
Hyb_584,1
Hyb_585,1
Hyb_582,1
Hyb_583,1
Hyb_580,1
Hyb_581,1
Hyb_457,1
Hyb_450,1
Hyb_1625,1
Hyb_5458,1
Hyb_5133,1
Hyb_455,1
Hyb_475,1
Hyb_5158,1
Hyb_478,1
Hyb_479,1
Hyb_4791,1
Hyb_3122,1
Hyb_3123,1
Hyb_3120,1
Hyb_3121,1
Hyb_3126,1
Hyb_3127,1
Hyb_3124,1
Hyb_3125,1
Hyb_1784,1
Hyb_3128,1
Hyb_3129,1
Hyb_3442,1
Hyb_4734,1
Hyb_5463,1
Hyb_5456,1
Hyb_5159,1
Hyb_474,1
Hyb_5452,1
Hyb_477,1
Hyb_3578,1
Hyb_3579,1
Hyb_1861,1
Hyb_458,1
Hyb_1863,1
Hyb_1862,1
Hyb_1865,1
Hyb_1864,1
Hyb_1867,1
Hyb_1866,1
Hyb_1869,1
Hyb_1868,1
Hyb_459,1
Hyb_4620,1
Hyb_472,1
Hyb_473,1
Hyb_470,1
Hyb_471,1
Hyb_476,1
Hyb_5727,1
Hyb_4119,1
Hyb_120,1
Hyb_4039,1
Hyb_1600,1
Hyb_1603,1
Hyb_632,1
Hyb_1605,1
Hyb_1604,1
Hyb_1607,1
Hyb_1606,1
Hyb_5779,1
Hyb_5778,1
Hyb_5006,1
Hyb_633,1
Hyb_5550,1
Hyb_4038,1
Hyb_5771,1
Hyb_707,1
Hyb_5010,1
Hyb_5005,1
Hyb_5775,1
Hyb_5518,1
Hyb_1601,1
Hyb_5205,1
Hyb_5776,1
Hyb_1608,1
Hyb_121,1
Hyb_122,1
Hyb_123,1
Hyb_124,1
Hyb_125,1
Hyb_126,1
Hyb_127,1
Hyb_128,1
Hyb_129,1
Hyb_4112,1
Hyb_4354,1
Hyb_4709,1
Hyb_4496,1
Hyb_1793,1
Hyb_4355,1
Hyb_3568,1
Hyb_5459,1
Hyb_5592,1
Hyb_1609,1
Hyb_5777,1
Hyb_631,1
Hyb_1268,1
Hyb_1288,1
Hyb_5009,1
Hyb_674,1
Hyb_675,1
Hyb_676,1
Hyb_677,1
Hyb_1469,1
Hyb_1216,1
Hyb_635,1
Hyb_673,1
Hyb_1465,1
Hyb_1464,1
Hyb_1467,1
Hyb_1466,1
Hyb_1461,1
Hyb_679,1
Hyb_1463,1
Hyb_1462,1
Hyb_4359,1
Hyb_1269,1
Hyb_1217,1
Hyb_1289,1
Hyb_699,1
Hyb_3444,1
Hyb_5004,1
Hyb_5241,1
Hyb_692,1
Hyb_693,1
Hyb_690,1
Hyb_691,1
Hyb_696,1
Hyb_697,1
Hyb_694,1
Hyb_636,1
Hyb_1215,1
Hyb_1284,1
Hyb_1287,1
Hyb_1286,1
Hyb_1281,1
Hyb_1280,1
Hyb_1283,1
Hyb_1282,1
Hyb_637,1
Hyb_4032,1
Hyb_4030,1
Hyb_171,1
Hyb_5614,1
Hyb_1509,1
Hyb_5568,1
Hyb_5121,1
Hyb_5075,1
Hyb_5613,1
Hyb_5610,1
Hyb_5611,1
Hyb_5616,1
Hyb_5617,1
Hyb_5615,1
Hyb_4031,1
Hyb_5737,1
Hyb_5618,1
Hyb_5619,1
Hyb_5391,1
Hyb_133,1
Hyb_132,1
Hyb_131,1
Hyb_130,1
Hyb_137,1
Hyb_1508,1
Hyb_1133,1
Hyb_1058,1
Hyb_1505,1
Hyb_2258,1
Hyb_82,1
Hyb_83,1
Hyb_80,1
Hyb_81,1
Hyb_86,1
Hyb_87,1
Hyb_84,1
Hyb_85,1
Hyb_5112,1
Hyb_88,1
Hyb_89,1
Hyb_1502,1
Hyb_1503,1
Hyb_1132,1
Hyb_1501,1
Hyb_1506,1
Hyb_1507,1
Hyb_1504,1
Hyb_136,1
Hyb_135,1
Hyb_134,1
Hyb_3942,1
Hyb_1618,1
Hyb_1619,1
Hyb_4368,1
Hyb_4629,1
Hyb_5764,1
Hyb_5765,1
Hyb_689,1
Hyb_688,1
Hyb_5760,1
Hyb_4369,1
Hyb_685,1
Hyb_684,1
Hyb_687,1
Hyb_1623,1
Hyb_681,1
Hyb_680,1
Hyb_683,1
Hyb_682,1
Hyb_1292,1
Hyb_5137,1
Hyb_1541,1
Hyb_139,1
Hyb_1611,1
Hyb_138,1
Hyb_4718,1
Hyb_4719,1
Hyb_799,1
Hyb_4364,1
Hyb_4365,1
Hyb_5240,1
Hyb_4062,1
Hyb_5136,1
Hyb_3940,1
Hyb_4367,1
Hyb_3224,1
Hyb_1616,1
Hyb_1617,1
Hyb_1614,1
Hyb_1615,1
Hyb_1612,1
Hyb_1613,1
Hyb_1610,1
Hyb_2259,1
Hyb_3205,1
Hyb_2250,1
Hyb_5822,1
Hyb_3955,1
Hyb_5821,1
Hyb_4978,1
Hyb_4979,1
Hyb_4974,1
Hyb_1322,1
Hyb_4976,1
Hyb_4977,1
Hyb_4970,1
Hyb_4971,1
Hyb_4972,1
Hyb_4973,1
Hyb_2411,1
Hyb_2410,1
Hyb_2413,1
Hyb_2412,1
Hyb_2415,1
Hyb_2414,1
Hyb_2417,1
Hyb_5449,1
Hyb_1112,1
Hyb_2419,1
Hyb_5396,1
Hyb_929,1
Hyb_3726,1
Hyb_3727,1
Hyb_3720,1
Hyb_3721,1
Hyb_3722,1
Hyb_3723,1
Hyb_920,1
Hyb_921,1
Hyb_922,1
Hyb_923,1
Hyb_924,1
Hyb_925,1
Hyb_926,1
Hyb_927,1
Hyb_5824,1
Hyb_1113,1
Hyb_5823,1
Hyb_5661,1
Hyb_2416,1
Hyb_2418,1
Hyb_2251,1
Hyb_5658,1
Hyb_4705,1
Hyb_1325,1
Hyb_4800,1
Hyb_3702,1
Hyb_4802,1
Hyb_4803,1
Hyb_4804,1
Hyb_4805,1
Hyb_4806,1
Hyb_4807,1
Hyb_4808,1
Hyb_4809,1
Hyb_3248,1
Hyb_2257,1
Hyb_2256,1
Hyb_2255,1
Hyb_2254,1
Hyb_2253,1
Hyb_2252,1
Hyb_1324,1
Hyb_1327,1
Hyb_1320,1
Hyb_146,1
Hyb_5244,1
Hyb_854,1
Hyb_855,1
Hyb_856,1
Hyb_857,1
Hyb_1321,1
Hyb_851,1
Hyb_852,1
Hyb_853,1
Hyb_3430,1
Hyb_3431,1
Hyb_41,1
Hyb_3433,1
Hyb_858,1
Hyb_859,1
Hyb_3436,1
Hyb_3437,1
Hyb_5266,1
Hyb_5659,1
Hyb_1293,1
Hyb_1290,1
Hyb_1291,1
Hyb_3118,1
Hyb_3116,1
Hyb_3115,1
Hyb_3114,1
Hyb_3113,1
Hyb_3112,1
Hyb_3111,1
Hyb_3110,1
Hyb_5156,1
Hyb_5483,1
Hyb_698,1
Hyb_4149,1
Hyb_4148,1
Hyb_5774,1
Hyb_4145,1
Hyb_4144,1
Hyb_4147,1
Hyb_4146,1
Hyb_4141,1
Hyb_4140,1
Hyb_3117,1
Hyb_3119,1
Hyb_4142,1
Hyb_4635,1
Hyb_1873,1
Hyb_1870,1
Hyb_1871,1
Hyb_465,1
Hyb_464,1
Hyb_467,1
Hyb_466,1
Hyb_2166,1
Hyb_460,1
Hyb_463,1
Hyb_462,1
Hyb_4332,1
Hyb_2550,1
Hyb_5144,1
Hyb_2167,1
Hyb_469,1
Hyb_468,1
Hyb_3650,1
Hyb_4498,1
Hyb_4143,1
Hyb_4819,1
Hyb_1875,1
Hyb_2886,1
Hyb_2884,1
Hyb_2733,1
Hyb_3603,1
Hyb_3602,1
Hyb_3601,1
Hyb_3600,1
Hyb_3607,1
Hyb_2711,1
Hyb_3605,1
Hyb_966,1
Hyb_3373,1
Hyb_3608,1
Hyb_4810,1
Hyb_4739,1
Hyb_5853,1
Hyb_4631,1
Hyb_4623,1
Hyb_5484,1
Hyb_4191,1
Hyb_2731,1
Hyb_2737,1
Hyb_5480,1
Hyb_2736,1
Hyb_4389,1
Hyb_4388,1
Hyb_5869,1
Hyb_4197,1
Hyb_4382,1
Hyb_4381,1
Hyb_4380,1
Hyb_4387,1
Hyb_4386,1
Hyb_4385,1
Hyb_4384,1
Hyb_5011,1
Hyb_5773,1
Hyb_2888,1
Hyb_2889,1
Hyb_2738,1
Hyb_2739,1
Hyb_2882,1
Hyb_2735,1
Hyb_1872,1
Hyb_1874,1
Hyb_1296,1
Hyb_1474,1
Hyb_1278,1
Hyb_1279,1
Hyb_3368,1
Hyb_4366,1
Hyb_4361,1
Hyb_4360,1
Hyb_4363,1
Hyb_4362,1
Hyb_1270,1
Hyb_1271,1
Hyb_1272,1
Hyb_1273,1
Hyb_1274,1
Hyb_1275,1
Hyb_1276,1
Hyb_1277,1
Hyb_4563,1
Hyb_3765,1
Hyb_4561,1
Hyb_1475,1
Hyb_1477,1
Hyb_4567,1
Hyb_1476,1
Hyb_1297,1
Hyb_1294,1
Hyb_1295,1
Hyb_1298,1
Hyb_1299,1
Hyb_1544,1
Hyb_3946,1
Hyb_667,1
Hyb_666,1
Hyb_1478,1
Hyb_1479,1
Hyb_663,1
Hyb_662,1
Hyb_661,1
Hyb_660,1
Hyb_1472,1
Hyb_1473,1
Hyb_1470,1
Hyb_1471,1
Hyb_4560,1
Hyb_4566,1
Hyb_2165,1
Hyb_4912,1
Hyb_2161,1
Hyb_5069,1
Hyb_4628,1
Hyb_5787,1
Hyb_4621,1
Hyb_2162,1
Hyb_4915,1
Hyb_3952,1
Hyb_5784,1
Hyb_2163,1
Hyb_3876,1
Hyb_5381,1
Hyb_2551,1
Hyb_5383,1
Hyb_5384,1
Hyb_4076,1
Hyb_1878,1
Hyb_1879,1
Hyb_1876,1
Hyb_4627,1
Hyb_2160,1
Hyb_4565,1
Hyb_695,1
Hyb_4564,1
Hyb_4569,1
Hyb_3871,1
Hyb_599,1
Hyb_598,1
Hyb_269,1
Hyb_268,1
Hyb_976,1
Hyb_3497,1
Hyb_263,1
Hyb_590,1
Hyb_261,1
Hyb_592,1
Hyb_267,1
Hyb_594,1
Hyb_265,1
Hyb_596,1
Hyb_5786,1
Hyb_4626,1
Hyb_5749,1
Hyb_3176,1
Hyb_5340,1
Hyb_2918,1
Hyb_4717,1
Hyb_3391,1
Hyb_3390,1
Hyb_1981,1
Hyb_3392,1
Hyb_3395,1
Hyb_3394,1
Hyb_3397,1
Hyb_3396,1
Hyb_2919,1
Hyb_4037,1
Hyb_2448,1
Hyb_2449,1
Hyb_4941,1
Hyb_4940,1
Hyb_4021,1
Hyb_4942,1
Hyb_2442,1
Hyb_2911,1
Hyb_2912,1
Hyb_3398,1
Hyb_3399,1
Hyb_1528,1
Hyb_1986,1
Hyb_2664,1
Hyb_2665,1
Hyb_2662,1
Hyb_2663,1
Hyb_2660,1
Hyb_2661,1
Hyb_3243,1
Hyb_3242,1
Hyb_3241,1
Hyb_3240,1
Hyb_3247,1
Hyb_3246,1
Hyb_2668,1
Hyb_2669,1
Hyb_4983,1
Hyb_1987,1
Hyb_5880,1
Hyb_1654,1
Hyb_5076,1
Hyb_2913,1
Hyb_2446,1
Hyb_2915,1
Hyb_2303,1
Hyb_2658,1
Hyb_5688,1
Hyb_5855,1
Hyb_4026,1
Hyb_3339,1
Hyb_4424,1
Hyb_5799,1
Hyb_5471,1
Hyb_4839,1
Hyb_4838,1
Hyb_3492,1
Hyb_4831,1
Hyb_3338,1
Hyb_4833,1
Hyb_4832,1
Hyb_2306,1
Hyb_4834,1
Hyb_4837,1
Hyb_4836,1
Hyb_4027,1
Hyb_805,1
Hyb_2444,1
Hyb_806,1
Hyb_2445,1
Hyb_4442,1
Hyb_5390,1
Hyb_4023,1
Hyb_5073,1
Hyb_4022,1
Hyb_3401,1
Hyb_3400,1
Hyb_809,1
Hyb_808,1
Hyb_3405,1
Hyb_3404,1
Hyb_3407,1
Hyb_3406,1
Hyb_803,1
Hyb_802,1
Hyb_801,1
Hyb_800,1
Hyb_807,1
Hyb_2667,1
Hyb_2666,1
Hyb_5756,1
Hyb_1920,1
Hyb_1922,1
Hyb_1923,1
Hyb_1924,1
Hyb_1925,1
Hyb_1926,1
Hyb_1927,1
Hyb_2436,1
Hyb_5239,1
Hyb_1543,1
Hyb_5138,1
Hyb_2437,1
Hyb_5230,1
Hyb_5231,1
Hyb_5232,1
Hyb_5233,1
Hyb_5234,1
Hyb_5139,1
Hyb_2430,1
Hyb_5237,1
Hyb_1921,1
Hyb_4067,1
Hyb_2861,1
Hyb_1929,1
Hyb_3136,1
Hyb_3131,1
Hyb_3130,1
Hyb_3133,1
Hyb_3132,1
Hyb_5421,1
Hyb_5632,1
Hyb_5746,1
Hyb_3139,1
Hyb_3138,1
Hyb_5808,1
Hyb_5563,1
Hyb_2005,1
Hyb_5747,1
Hyb_4568,1
Hyb_5744,1
Hyb_5210,1
Hyb_5807,1
Hyb_1928,1
Hyb_2860,1
Hyb_2862,1
Hyb_3452,1
Hyb_5791,1
Hyb_4616,1
Hyb_4756,1
Hyb_3322,1
Hyb_4056,1
Hyb_4055,1
Hyb_4054,1
Hyb_3770,1
Hyb_1651,1
Hyb_4051,1
Hyb_4050,1
Hyb_3639,1
Hyb_2699,1
Hyb_4059,1
Hyb_3453,1
Hyb_5755,1
Hyb_5425,1
Hyb_5630,1
Hyb_4980,1
Hyb_5843,1
Hyb_5063,1
Hyb_5373,1
Hyb_2863,1
Hyb_5476,1
Hyb_2864,1
Hyb_2865,1
Hyb_2431,1
Hyb_2867,1
Hyb_2868,1
Hyb_2869,1
Hyb_2718,1
Hyb_2719,1
Hyb_2432,1
Hyb_3624,1
Hyb_3569,1
Hyb_3626,1
Hyb_2433,1
Hyb_5800,1
Hyb_2651,1
Hyb_4764,1
Hyb_5635,1
Hyb_3323,1
Hyb_5424,1
Hyb_2280,1
Hyb_2281,1
Hyb_2282,1
Hyb_5255,1
Hyb_5306,1
Hyb_1061,1
Hyb_1060,1
Hyb_1063,1
Hyb_1062,1
Hyb_1065,1
Hyb_1064,1
Hyb_1067,1
Hyb_1066,1
Hyb_1483,1
Hyb_1482,1
Hyb_1481,1
Hyb_1480,1
Hyb_1487,1
Hyb_1486,1
Hyb_658,1
Hyb_659,1
Hyb_656,1
Hyb_657,1
Hyb_5065,1
Hyb_1068,1
Hyb_655,1
Hyb_1069,1
Hyb_5714,1
Hyb_5713,1
Hyb_4425,1
Hyb_4311,1
Hyb_5710,1
Hyb_4611,1
Hyb_4610,1
Hyb_4613,1
Hyb_4612,1
Hyb_4615,1
Hyb_4614,1
Hyb_4617,1
Hyb_4373,1
Hyb_4619,1
Hyb_4618,1
Hyb_4444,1
Hyb_3828,1
Hyb_5450,1
Hyb_5554,1
Hyb_654,1
Hyb_652,1
Hyb_5716,1
Hyb_251,1
Hyb_257,1
Hyb_254,1
Hyb_255,1
Hyb_4296,1
Hyb_258,1
Hyb_259,1
Hyb_5457,1
Hyb_5675,1
Hyb_5222,1
Hyb_1399,1
Hyb_1398,1
Hyb_1397,1
Hyb_1396,1
Hyb_1395,1
Hyb_1394,1
Hyb_1393,1
Hyb_1392,1
Hyb_1391,1
Hyb_1390,1
Hyb_256,1
Hyb_250,1
Hyb_653,1
Hyb_253,1
Hyb_650,1
Hyb_651,1
Hyb_1241,1
Hyb_1240,1
Hyb_1243,1
Hyb_1242,1
Hyb_1245,1
Hyb_1244,1
Hyb_1247,1
Hyb_1246,1
Hyb_1249,1
Hyb_1248,1
Hyb_1719,1
Hyb_1718,1
Hyb_4530,1
Hyb_4446,1
Hyb_4532,1
Hyb_4533,1
Hyb_252,1
Hyb_5715,1
Hyb_5717,1
Hyb_2283,1
Hyb_2041,1
Hyb_4953,1
Hyb_4274,1
Hyb_5809,1
Hyb_5526,1
Hyb_5680,1
Hyb_4914,1
Hyb_5249,1
Hyb_5683,1
Hyb_4711,1
Hyb_4476,1
Hyb_5448,1
Hyb_5685,1
Hyb_5815,1
Hyb_55,1
Hyb_54,1
Hyb_57,1
Hyb_56,1
Hyb_51,1
Hyb_50,1
Hyb_5681,1
Hyb_2040,1
Hyb_52,1
Hyb_2043,1
Hyb_2284,1
Hyb_2285,1
Hyb_2286,1
Hyb_2287,1
Hyb_2288,1
Hyb_2289,1
Hyb_5834,1
Hyb_5835,1
Hyb_5832,1
Hyb_5833,1
Hyb_5830,1
Hyb_5831,1
Hyb_2048,1
Hyb_2049,1
Hyb_2046,1
Hyb_2047,1
Hyb_2044,1
Hyb_2045,1
Hyb_2042,1
Hyb_53,1
Hyb_3772,1
Hyb_5416,1
Hyb_4314,1
Hyb_4649,1
Hyb_3331,1
Hyb_5286,1
Hyb_4315,1
Hyb_5413,1
Hyb_5414,1
Hyb_1669,1
Hyb_1668,1
Hyb_1667,1
Hyb_1666,1
Hyb_1665,1
Hyb_1664,1
Hyb_1663,1
Hyb_1662,1
Hyb_1661,1
Hyb_1660,1
Hyb_4313,1
Hyb_4310,1
Hyb_3408,1
Hyb_5412,1
Hyb_4317,1
Hyb_4724,1
Hyb_3434,1
Hyb_4376,1
Hyb_4710,1
Hyb_59,1
Hyb_58,1
Hyb_4723,1
Hyb_4722,1
Hyb_108,1
Hyb_109,1
Hyb_3864,1
Hyb_3757,1
Hyb_102,1
Hyb_103,1
Hyb_100,1
Hyb_101,1
Hyb_106,1
Hyb_107,1
Hyb_104,1
Hyb_105,1
Hyb_5411,1
Hyb_3137,1
Hyb_3134,1
Hyb_3135,1
Hyb_2477,1
Hyb_2475,1
Hyb_2474,1
Hyb_2473,1
Hyb_2472,1
Hyb_2471,1
Hyb_2470,1
Hyb_5465,1
Hyb_3878,1
Hyb_4133,1
Hyb_1359,1
Hyb_2479,1
Hyb_2478,1
Hyb_4784,1
Hyb_4134,1
Hyb_878,1
Hyb_879,1
Hyb_876,1
Hyb_877,1
Hyb_874,1
Hyb_2476,1
Hyb_2386,1
Hyb_872,1
Hyb_2387,1
Hyb_3560,1
Hyb_5090,1
Hyb_1636,1
Hyb_5677,1
Hyb_2837,1
Hyb_2389,1
Hyb_2388,1
Hyb_4950,1
Hyb_4951,1
Hyb_4946,1
Hyb_4957,1
Hyb_4954,1
Hyb_4955,1
Hyb_2381,1
Hyb_2380,1
Hyb_2383,1
Hyb_2382,1
Hyb_534,1
Hyb_2384,1
Hyb_1638,1
Hyb_873,1
Hyb_4129,1
Hyb_4824,1
Hyb_2279,1
Hyb_2278,1
Hyb_3866,1
Hyb_4821,1
Hyb_2275,1
Hyb_2274,1
Hyb_2277,1
Hyb_2276,1
Hyb_2271,1
Hyb_2270,1
Hyb_2273,1
Hyb_2272,1
Hyb_3870,1
Hyb_2079,1
Hyb_2078,1
Hyb_5194,1
Hyb_2073,1
Hyb_2072,1
Hyb_2071,1
Hyb_3656,1
Hyb_4827,1
Hyb_870,1
Hyb_4826,1
Hyb_871,1
Hyb_4670,1
Hyb_5041,1
Hyb_5235,1
Hyb_1639,1
Hyb_752,1
Hyb_3659,1
Hyb_4138,1
Hyb_5576,1
Hyb_5040,1
Hyb_5047,1
Hyb_4716,1
Hyb_3658,1
Hyb_2830,1
Hyb_5046,1
Hyb_3178,1
Hyb_1700,1
Hyb_3657,1
Hyb_3867,1
Hyb_4735,1
Hyb_3965,1
Hyb_2077,1
Hyb_2723,1
Hyb_2893,1
Hyb_2720,1
Hyb_3636,1
Hyb_2712,1
Hyb_3634,1
Hyb_3635,1
Hyb_3632,1
Hyb_3633,1
Hyb_1752,1
Hyb_3631,1
Hyb_2713,1
Hyb_3638,1
Hyb_1751,1
Hyb_5256,1
Hyb_5728,1
Hyb_2714,1
Hyb_1417,1
Hyb_1757,1
Hyb_5017,1
Hyb_2722,1
Hyb_2724,1
Hyb_4045,1
Hyb_2725,1
Hyb_3571,1
Hyb_4789,1
Hyb_3171,1
Hyb_2629,1
Hyb_4799,1
Hyb_4788,1
Hyb_190,1
Hyb_4798,1
Hyb_5871,1
Hyb_3386,1
Hyb_3387,1
Hyb_3384,1
Hyb_191,1
Hyb_2899,1
Hyb_2898,1
Hyb_2729,1
Hyb_2728,1
Hyb_2727,1
Hyb_2894,1
Hyb_2715,1
Hyb_1756,1
Hyb_1414,1
Hyb_3788,1
Hyb_902,1
Hyb_903,1
Hyb_900,1
Hyb_901,1
Hyb_2657,1
Hyb_2656,1
Hyb_904,1
Hyb_2654,1
Hyb_3250,1
Hyb_3251,1
Hyb_2659,1
Hyb_909,1
Hyb_3254,1
Hyb_3255,1
Hyb_3256,1
Hyb_3257,1
Hyb_668,1
Hyb_669,1
Hyb_5049,1
Hyb_5012,1
Hyb_2098,1
Hyb_4047,1
Hyb_2099,1
Hyb_664,1
Hyb_2716,1
Hyb_4042,1
Hyb_4043,1
Hyb_5015,1
Hyb_665,1
Hyb_4048,1
Hyb_4049,1
Hyb_2717,1
Hyb_4308,1
Hyb_2095,1
Hyb_2094,1
Hyb_2097,1
Hyb_2096,1
Hyb_2091,1
Hyb_2090,1
Hyb_2093,1
Hyb_2092,1
Hyb_5013,1
Hyb_2070,1
Hyb_2076,1
Hyb_480,1
Hyb_1255,1
Hyb_908,1
Hyb_1250,1
Hyb_1251,1
Hyb_245,1
Hyb_244,1
Hyb_247,1
Hyb_246,1
Hyb_241,1
Hyb_240,1
Hyb_243,1
Hyb_242,1
Hyb_5018,1
Hyb_5019,1
Hyb_1809,1
Hyb_249,1
Hyb_248,1
Hyb_4321,1
Hyb_3956,1
Hyb_1388,1
Hyb_1252,1
Hyb_1254,1
Hyb_1384,1
Hyb_1709,1
Hyb_641,1
Hyb_640,1
Hyb_905,1
Hyb_2901,1
Hyb_645,1
Hyb_644,1
Hyb_1496,1
Hyb_906,1
Hyb_649,1
Hyb_648,1
Hyb_907,1
Hyb_1701,1
Hyb_1702,1
Hyb_1703,1
Hyb_1704,1
Hyb_1705,1
Hyb_1706,1
Hyb_1707,1
Hyb_1708,1
Hyb_1389,1
Hyb_1385,1
Hyb_2655,1
Hyb_1813,1
Hyb_1818,1
Hyb_1819,1
Hyb_1626,1
Hyb_5561,1
Hyb_5124,1
Hyb_3550,1
Hyb_5126,1
Hyb_5127,1
Hyb_5120,1
Hyb_2000,1
Hyb_489,1
Hyb_488,1
Hyb_487,1
Hyb_486,1
Hyb_485,1
Hyb_484,1
Hyb_483,1
Hyb_482,1
Hyb_481,1
Hyb_5420,1
Hyb_1812,1
Hyb_1386,1
Hyb_1811,1
Hyb_1387,1
Hyb_1380,1
Hyb_1381,1
Hyb_1382,1
Hyb_1383,1
Hyb_4322,1
Hyb_3957,1
Hyb_4918,1
Hyb_5567,1
Hyb_4323,1
Hyb_5135,1
Hyb_4794,1
Hyb_4884,1
Hyb_5132,1
Hyb_1814,1
Hyb_1815,1
Hyb_1816,1
Hyb_1817,1
Hyb_1810,1
Hyb_2900,1
Hyb_2233,1
Hyb_2075,1
Hyb_46,1
Hyb_44,1
Hyb_45,1
Hyb_42,1
Hyb_43,1
Hyb_40,1
Hyb_1357,1
Hyb_4732,1
Hyb_4733,1
Hyb_4730,1
Hyb_4731,1
Hyb_4736,1
Hyb_4737,1
Hyb_48,1
Hyb_49,1
Hyb_3648,1
Hyb_119,1
Hyb_118,1
Hyb_115,1
Hyb_114,1
Hyb_47,1
Hyb_1079,1
Hyb_116,1
Hyb_1078,1
Hyb_2074,1
Hyb_3877,1
Hyb_4477,1
Hyb_3646,1
Hyb_3435,1
Hyb_3584,1
Hyb_3861,1
Hyb_5723,1
Hyb_3651,1
Hyb_1076,1
Hyb_1077,1
Hyb_1074,1
Hyb_1075,1
Hyb_1072,1
Hyb_1073,1
Hyb_1070,1
Hyb_1071,1
Hyb_4969,1
Hyb_4473,1
Hyb_117,1
Hyb_111,1
Hyb_5191,1
Hyb_2907,1
Hyb_5705,1
Hyb_5706,1
Hyb_4662,1
Hyb_5700,1
Hyb_5701,1
Hyb_2650,1
Hyb_5703,1
Hyb_5726,1
Hyb_2653,1
Hyb_4608,1
Hyb_4609,1
Hyb_4606,1
Hyb_4607,1
Hyb_2902,1
Hyb_4605,1
Hyb_2652,1
Hyb_4603,1
Hyb_4600,1
Hyb_4601,1
Hyb_5704,1
Hyb_5708,1
Hyb_110,1
Hyb_5389,1
Hyb_113,1
Hyb_112,1
Hyb_3869,1
Hyb_3580,1
Hyb_4666,1
Hyb_4413,1
Hyb_3868,1
Hyb_4667,1
Hyb_4349,1
Hyb_1678,1
Hyb_1679,1
Hyb_1674,1
Hyb_1675,1
Hyb_1676,1
Hyb_1677,1
Hyb_1670,1
Hyb_1671,1
Hyb_1672,1
Hyb_1673,1
Hyb_928,1
Hyb_3221,1
Hyb_5838,1
Hyb_547,1
Hyb_4596,1
Hyb_4597,1
Hyb_4594,1
Hyb_4595,1
Hyb_542,1
Hyb_543,1
Hyb_540,1
Hyb_541,1
Hyb_546,1
Hyb_544,1
Hyb_3498,1
Hyb_545,1
Hyb_548,1
Hyb_549,1
Hyb_238,1
Hyb_239,1
Hyb_3012,1
Hyb_3013,1
Hyb_3010,1
Hyb_3011,1
Hyb_4591,1
Hyb_4590,1
Hyb_4593,1
Hyb_4592,1
Hyb_1423,1
Hyb_1422,1
Hyb_1425,1
Hyb_1424,1
Hyb_1427,1
Hyb_1426,1
Hyb_1429,1
Hyb_1428,1
Hyb_4356,1
Hyb_4357,1
Hyb_4350,1
Hyb_4351,1
Hyb_4352,1
Hyb_4353,1
Hyb_5342,1
Hyb_5319,1
Hyb_4598,1
Hyb_4599,1
Hyb_4411,1
Hyb_3016,1
Hyb_3017,1
Hyb_3014,1
Hyb_5487,1
Hyb_5312,1
Hyb_4414,1
Hyb_5355,1
Hyb_5354,1
Hyb_5353,1
Hyb_5352,1
Hyb_4537,1
Hyb_5350,1
Hyb_3425,1
Hyb_5660,1
Hyb_5359,1
Hyb_5358,1
Hyb_3904,1
Hyb_3905,1
Hyb_3906,1
Hyb_3907,1
Hyb_3900,1
Hyb_3901,1
Hyb_3902,1
Hyb_4536,1
Hyb_5439,1
Hyb_3015,1
Hyb_5022,1
Hyb_5356,1
Hyb_3018,1
Hyb_3019,1
Hyb_3630,1
Hyb_5667,1
Hyb_5357,1
Hyb_5333,1
Hyb_4412,1
Hyb_5316,1
Hyb_5638,1
Hyb_5438,1
Hyb_4019,1
Hyb_5401,1
Hyb_4534,1
Hyb_5023,1
Hyb_5666,1
Hyb_4018,1
Hyb_4535,1
Hyb_5351,1
Hyb_850,1
Hyb_1421,1
Hyb_431,1
Hyb_610,1
Hyb_1156,1
Hyb_168,1
Hyb_169,1
Hyb_1153,1
Hyb_1152,1
Hyb_164,1
Hyb_165,1
Hyb_166,1
Hyb_167,1
Hyb_160,1
Hyb_161,1
Hyb_162,1
Hyb_163,1
Hyb_784,1
Hyb_785,1
Hyb_786,1
Hyb_787,1
Hyb_780,1
Hyb_781,1
Hyb_1157,1
Hyb_1155,1
Hyb_783,1
Hyb_765,1
Hyb_5641,1
Hyb_5640,1
Hyb_5643,1
Hyb_5642,1
Hyb_3950,1
Hyb_3249,1
Hyb_1089,1
Hyb_1088,1
Hyb_768,1
Hyb_769,1
Hyb_5671,1
Hyb_5748,1
Hyb_762,1
Hyb_763,1
Hyb_760,1
Hyb_761,1
Hyb_766,1
Hyb_767,1
Hyb_764,1
Hyb_782,1
Hyb_1335,1
Hyb_430,1
Hyb_5810,1
Hyb_5895,1
Hyb_300,1
Hyb_301,1
Hyb_302,1
Hyb_303,1
Hyb_304,1
Hyb_305,1
Hyb_306,1
Hyb_307,1
Hyb_4602,1
Hyb_5817,1
Hyb_2423,1
Hyb_439,1
Hyb_436,1
Hyb_437,1
Hyb_434,1
Hyb_435,1
Hyb_432,1
Hyb_433,1
Hyb_5466,1
Hyb_309,1
Hyb_1334,1
Hyb_308,1
Hyb_1337,1
Hyb_1884,1
Hyb_1331,1
Hyb_789,1
Hyb_1333,1
Hyb_1332,1
Hyb_4286,1
Hyb_5392,1
Hyb_5393,1
Hyb_5813,1
Hyb_1285,1
Hyb_5169,1
Hyb_2426,1
Hyb_5812,1
Hyb_2427,1
Hyb_5847,1
Hyb_5811,1
Hyb_634,1
Hyb_2424,1
Hyb_3903,1
Hyb_4531,1
Hyb_5026,1
Hyb_944,1
Hyb_942,1
Hyb_943,1
Hyb_940,1
Hyb_941,1
Hyb_2983,1
Hyb_2982,1
Hyb_2981,1
Hyb_2980,1
Hyb_2987,1
Hyb_2986,1
Hyb_2985,1
Hyb_2984,1
Hyb_5035,1
Hyb_5511,1
Hyb_2989,1
Hyb_2988,1
Hyb_3417,1
Hyb_4547,1
Hyb_5454,1
Hyb_945,1
Hyb_947,1
Hyb_3416,1
Hyb_946,1
Hyb_2505,1
Hyb_2504,1
Hyb_2503,1
Hyb_2502,1
Hyb_2501,1
Hyb_2500,1
Hyb_3588,1
Hyb_3589,1
Hyb_5461,1
Hyb_2509,1
Hyb_2508,1
Hyb_2697,1
Hyb_2696,1
Hyb_2695,1
Hyb_2694,1
Hyb_2693,1
Hyb_2692,1
Hyb_948,1
Hyb_949,1
Hyb_5426,1
Hyb_4559,1
Hyb_2507,1
Hyb_3383,1
Hyb_2183,1
Hyb_2182,1
Hyb_2181,1
Hyb_2180,1
Hyb_2187,1
Hyb_2186,1
Hyb_2185,1
Hyb_2184,1
Hyb_3829,1
Hyb_4952,1
Hyb_4377,1
Hyb_3479,1
Hyb_3381,1
Hyb_555,1
Hyb_5435,1
Hyb_2553,1
Hyb_3499,1
Hyb_4509,1
Hyb_3478,1
Hyb_5434,1
Hyb_4939,1
Hyb_4190,1
Hyb_2188,1
Hyb_5464,1
Hyb_4916,1
Hyb_4917,1
Hyb_2439,1
Hyb_2438,1
Hyb_2349,1
Hyb_2348,1
Hyb_4910,1
Hyb_4911,1
Hyb_2345,1
Hyb_2344,1
Hyb_2347,1
Hyb_2346,1
Hyb_2341,1
Hyb_2340,1
Hyb_2435,1
Hyb_2434,1
Hyb_5455,1
Hyb_2189,1
Hyb_2506,1
Hyb_2421,1
Hyb_3908,1
Hyb_4176,1
Hyb_4170,1
Hyb_4171,1
Hyb_2887,1
Hyb_4173,1
Hyb_1723,1
Hyb_4178,1
Hyb_4179,1
Hyb_5070,1
Hyb_1722,1
Hyb_890,1
Hyb_891,1
Hyb_892,1
Hyb_893,1
Hyb_894,1
Hyb_895,1
Hyb_896,1
Hyb_897,1
Hyb_898,1
Hyb_899,1
Hyb_4177,1
Hyb_4175,1
Hyb_3341,1
Hyb_4174,1
Hyb_3909,1
Hyb_3166,1
Hyb_3167,1
Hyb_2883,1
Hyb_3165,1
Hyb_1727,1
Hyb_3163,1
Hyb_3160,1
Hyb_3161,1
Hyb_3393,1
Hyb_1726,1
Hyb_3168,1
Hyb_3169,1
Hyb_4475,1
Hyb_2881,1
Hyb_1725,1
Hyb_3429,1
Hyb_1724,1
Hyb_5479,1
Hyb_1721,1
Hyb_2169,1
Hyb_3419,1
Hyb_1420,1
Hyb_4470,1
Hyb_4008,1
Hyb_4009,1
Hyb_5644,1
Hyb_5669,1
Hyb_1206,1
Hyb_4000,1
Hyb_4001,1
Hyb_4002,1
Hyb_4003,1
Hyb_4004,1
Hyb_4005,1
Hyb_2420,1
Hyb_4007,1
Hyb_2126,1
Hyb_5892,1
Hyb_5647,1
Hyb_2127,1
Hyb_5460,1
Hyb_5462,1
Hyb_5636,1
Hyb_2168,1
Hyb_5422,1
Hyb_3344,1
Hyb_3345,1
Hyb_2763,1
Hyb_1720,1
Hyb_2761,1
Hyb_2425,1
Hyb_2767,1
Hyb_2766,1
Hyb_2765,1
Hyb_2764,1
Hyb_5652,1
Hyb_2769,1
Hyb_2768,1
Hyb_4988,1
Hyb_4471,1
Hyb_2422,1
Hyb_5645,1
Hyb_2123,1
Hyb_5246,1
Hyb_1080,1
Hyb_1081,1
Hyb_1082,1
Hyb_5470,1
Hyb_4214,1
Hyb_4217,1
Hyb_4216,1
Hyb_4211,1
Hyb_4210,1
Hyb_4213,1
Hyb_4212,1
Hyb_5344,1
Hyb_5345,1
Hyb_5346,1
Hyb_5042,1
Hyb_4931,1
Hyb_5341,1
Hyb_4512,1
Hyb_5343,1
Hyb_5348,1
Hyb_5349,1
Hyb_5247,1
Hyb_3795,1
Hyb_4215,1
Hyb_4218,1
Hyb_3797,1
Hyb_4219,1
Hyb_228,1
Hyb_5372,1
Hyb_1145,1
Hyb_3029,1
Hyb_3028,1
Hyb_3027,1
Hyb_3026,1
Hyb_3025,1
Hyb_3024,1
Hyb_3023,1
Hyb_3022,1
Hyb_3021,1
Hyb_3020,1
Hyb_1144,1
Hyb_4510,1
Hyb_5593,1
Hyb_748,1
Hyb_5043,1
Hyb_4552,1
Hyb_3794,1
Hyb_3796,1
Hyb_558,1
Hyb_3731,1
Hyb_4281,1
Hyb_5242,1
Hyb_4515,1
Hyb_5721,1
Hyb_4101,1
Hyb_4100,1
Hyb_4103,1
Hyb_4102,1
Hyb_3809,1
Hyb_3808,1
Hyb_3728,1
Hyb_4106,1
Hyb_3805,1
Hyb_3804,1
Hyb_3807,1
Hyb_3806,1
Hyb_3801,1
Hyb_3800,1
Hyb_3803,1
Hyb_5720,1
Hyb_5506,1
Hyb_3791,1
Hyb_4514,1
Hyb_3790,1
Hyb_3793,1
Hyb_3792,1
Hyb_3979,1
Hyb_3978,1
Hyb_5577,1
Hyb_5250,1
Hyb_3799,1
Hyb_3798,1
Hyb_3153,1
Hyb_3152,1
Hyb_3151,1
Hyb_3150,1
Hyb_3157,1
Hyb_3156,1
Hyb_3155,1
Hyb_3154,1
Hyb_3159,1
Hyb_3158,1
Hyb_229,1
Hyb_559,1
Hyb_883,1
Hyb_4433,1
Hyb_5441,1
Hyb_5505,1
Hyb_2896,1
Hyb_4438,1
Hyb_1214,1
Hyb_2897,1
Hyb_5783,1
Hyb_702,1
Hyb_5162,1
Hyb_1148,1
Hyb_3724,1
Hyb_5665,1
Hyb_5475,1
Hyb_2890,1
Hyb_5504,1
Hyb_319,1
Hyb_318,1
Hyb_747,1
Hyb_2891,1
Hyb_4432,1
Hyb_4430,1
Hyb_313,1
Hyb_4431,1
Hyb_796,1
Hyb_795,1
Hyb_794,1
Hyb_793,1
Hyb_792,1
Hyb_791,1
Hyb_790,1
Hyb_1894,1
Hyb_1895,1
Hyb_1896,1
Hyb_1897,1
Hyb_1326,1
Hyb_1891,1
Hyb_1892,1
Hyb_1893,1
Hyb_4435,1
Hyb_2895,1
Hyb_4437,1
Hyb_4436,1
Hyb_5497,1
Hyb_312,1
Hyb_552,1
Hyb_1438,1
Hyb_1436,1
Hyb_1437,1
Hyb_1434,1
Hyb_1435,1
Hyb_1432,1
Hyb_1433,1
Hyb_1430,1
Hyb_1431,1
Hyb_5192,1
Hyb_1656,1
Hyb_4245,1
Hyb_4017,1
Hyb_227,1
Hyb_554,1
Hyb_557,1
Hyb_556,1
Hyb_223,1
Hyb_222,1
Hyb_553,1
Hyb_1439,1
Hyb_740,1
Hyb_311,1
Hyb_4698,1
Hyb_310,1
Hyb_317,1
Hyb_316,1
Hyb_315,1
Hyb_314,1
Hyb_421,1
Hyb_420,1
Hyb_423,1
Hyb_422,1
Hyb_425,1
Hyb_424,1
Hyb_427,1
Hyb_426,1
Hyb_429,1
Hyb_428,1
Hyb_4638,1
Hyb_4329,1
Hyb_4328,1
Hyb_5781,1
Hyb_3802,1
Hyb_882,1
Hyb_1083,1
Hyb_2191,1
Hyb_2193,1
Hyb_2194,1
Hyb_2195,1
Hyb_2196,1
Hyb_2197,1
Hyb_5565,1
Hyb_3764,1
Hyb_5752,1
Hyb_1499,1
Hyb_4699,1
Hyb_1498,1
Hyb_5408,1
Hyb_5564,1
Hyb_4691,1
Hyb_4690,1
Hyb_4693,1
Hyb_4692,1
Hyb_4695,1
Hyb_4694,1
Hyb_2192,1
Hyb_2190,1
Hyb_3873,1
Hyb_4489,1
Hyb_3753,1
Hyb_2428,1
Hyb_2429,1
Hyb_2358,1
Hyb_2359,1
Hyb_4927,1
Hyb_4926,1
Hyb_4925,1
Hyb_4924,1
Hyb_2352,1
Hyb_2353,1
Hyb_2350,1
Hyb_2351,1
Hyb_2356,1
Hyb_2357,1
Hyb_2354,1
Hyb_2355,1
Hyb_2198,1
Hyb_2199,1
Hyb_4697,1
Hyb_5556,1
Hyb_1411,1
Hyb_617,1
Hyb_5766,1
Hyb_1559,1
Hyb_1558,1
Hyb_3244,1
Hyb_616,1
Hyb_3329,1
Hyb_3768,1
Hyb_1551,1
Hyb_1550,1
Hyb_1553,1
Hyb_1552,1
Hyb_1555,1
Hyb_1554,1
Hyb_1557,1
Hyb_1556,1
Hyb_1087,1
Hyb_1086,1
Hyb_1085,1
Hyb_1084,1
Hyb_4937,1
Hyb_5566,1
Hyb_5745,1
Hyb_3587,1
Hyb_3758,1
Hyb_3586,1
Hyb_3713,1
Hyb_4439,1
Hyb_5397,1
Hyb_3759,1
Hyb_2228,1
Hyb_2229,1
Hyb_2226,1
Hyb_2227,1
Hyb_2224,1
Hyb_2225,1
Hyb_2222,1
Hyb_2223,1
Hyb_2220,1
Hyb_2221,1
Hyb_5676,1
Hyb_4913,1
Hyb_5547,1
Hyb_5691,1
Hyb_5578,1
Hyb_881,1
Hyb_2778,1
Hyb_3379,1
Hyb_3378,1
Hyb_5874,1
Hyb_5549,1
Hyb_5552,1
Hyb_5742,1
Hyb_5501,1
Hyb_4646,1
Hyb_1956,1
Hyb_4375,1
Hyb_5500,1
Hyb_1951,1
Hyb_3865,1
Hyb_5503,1
Hyb_5184,1
Hyb_1497,1
Hyb_5502,1
Hyb_5743,1
Hyb_4299,1
Hyb_2779,1
Hyb_2777,1
Hyb_2515,1
Hyb_2776,1
Hyb_880,1
Hyb_887,1
Hyb_886,1
Hyb_885,1
Hyb_884,1
Hyb_3481,1
Hyb_3480,1
Hyb_889,1
Hyb_888,1
Hyb_3485,1
Hyb_3484,1
Hyb_3487,1
Hyb_3486,1
Hyb_2770,1
Hyb_2771,1
Hyb_2772,1
Hyb_2773,1
Hyb_2774,1
Hyb_2775,1
Hyb_2514,1
Hyb_2516,1
Hyb_3752,1
Hyb_958,1
Hyb_1492,1
Hyb_2688,1
Hyb_2689,1
Hyb_3775,1
Hyb_3774,1
Hyb_2990,1
Hyb_2991,1
Hyb_2992,1
Hyb_2993,1
Hyb_2994,1
Hyb_2995,1
Hyb_2996,1
Hyb_2997,1
Hyb_2998,1
Hyb_2999,1
Hyb_5540,1
Hyb_1413,1
Hyb_5814,1
Hyb_1412,1
Hyb_3771,1
Hyb_959,1
Hyb_2517,1
Hyb_956,1
Hyb_2510,1
Hyb_2511,1
Hyb_2512,1
Hyb_2513,1
Hyb_3575,1
Hyb_3574,1
Hyb_3577,1
Hyb_3576,1
Hyb_2518,1
Hyb_2519,1
Hyb_3573,1
Hyb_3572,1
Hyb_951,1
Hyb_950,1
Hyb_953,1
Hyb_952,1
Hyb_955,1
Hyb_954,1
Hyb_957,1
Hyb_5254,1
Hyb_5472,1
Hyb_1329,1
Hyb_1197,1
Hyb_1053,1
Hyb_3422,1
Hyb_4975,1
Hyb_1191,1
Hyb_1622,1
Hyb_1621,1
Hyb_1620,1
Hyb_1500,1
Hyb_1194,1
Hyb_1624,1
Hyb_3335,1
Hyb_1199,1
Hyb_1198,1
Hyb_1629,1
Hyb_1628,1
Hyb_5199,1
Hyb_5198,1
Hyb_322,1
Hyb_323,1
Hyb_320,1
Hyb_5437,1
Hyb_5200,1
Hyb_3423,1
Hyb_5884,1
Hyb_5621,1
Hyb_5620,1
Hyb_501,1
Hyb_147,1
Hyb_144,1
Hyb_145,1
Hyb_142,1
Hyb_143,1
Hyb_140,1
Hyb_141,1
Hyb_4769,1
Hyb_4768,1
Hyb_5860,1
Hyb_5529,1
Hyb_4659,1
Hyb_148,1
Hyb_149,1
Hyb_1880,1
Hyb_4511,1
Hyb_321,1
Hyb_326,1
Hyb_327,1
Hyb_1990,1
Hyb_1992,1
Hyb_1995,1
Hyb_1994,1
Hyb_1997,1
Hyb_1996,1
Hyb_1447,1
Hyb_1446,1
Hyb_1445,1
Hyb_1444,1
Hyb_1443,1
Hyb_1442,1
Hyb_1441,1
Hyb_1440,1
Hyb_5281,1
Hyb_5280,1
Hyb_4378,1
Hyb_4379,1
Hyb_5285,1
Hyb_5284,1
Hyb_1993,1
Hyb_1991,1
Hyb_324,1
Hyb_5477,1
Hyb_325,1
Hyb_4427,1
Hyb_328,1
Hyb_329,1
Hyb_5248,1
Hyb_4426,1
Hyb_3428,1
Hyb_5360,1
Hyb_1416,1
Hyb_4095,1
Hyb_4421,1
Hyb_4418,1
Hyb_4348,1
Hyb_4420,1
Hyb_1999,1
Hyb_1998,1
Hyb_5852,1
Hyb_1415,1
Hyb_4423,1
Hyb_5622,1
Hyb_5623,1
Hyb_5624,1
Hyb_842,1
Hyb_840,1
Hyb_4820,1
Hyb_5003,1
Hyb_2015,1
Hyb_5825,1
Hyb_5768,1
Hyb_849,1
Hyb_848,1
Hyb_5431,1
Hyb_2014,1
Hyb_5385,1
Hyb_3874,1
Hyb_3849,1
Hyb_3926,1
Hyb_5002,1
Hyb_4472,1
Hyb_5769,1
Hyb_3847,1
Hyb_3921,1
Hyb_841,1
Hyb_843,1
Hyb_1886,1
Hyb_844,1
Hyb_3925,1
Hyb_4907,1
Hyb_4906,1
Hyb_3528,1
Hyb_3746,1
Hyb_5687,1
Hyb_2408,1
Hyb_2409,1
Hyb_2406,1
Hyb_2407,1
Hyb_2404,1
Hyb_2405,1
Hyb_2402,1
Hyb_2403,1
Hyb_2400,1
Hyb_2401,1
Hyb_847,1
Hyb_846,1
Hyb_845,1
Hyb_2012,1
Hyb_5001,1
Hyb_5625,1
Hyb_5007,1
Hyb_3922,1
Hyb_3840,1
Hyb_5792,1
Hyb_5433,1
Hyb_1539,1
Hyb_1538,1
Hyb_1537,1
Hyb_1536,1
Hyb_1535,1
Hyb_1534,1
Hyb_1533,1
Hyb_1532,1
Hyb_1531,1
Hyb_1530,1
Hyb_5206,1
Hyb_5629,1
Hyb_5195,1
Hyb_5627,1
Hyb_5626,1
Hyb_3841,1
Hyb_2249,1
Hyb_5243,1
Hyb_2248,1
Hyb_4825,1
Hyb_2011,1
Hyb_3846,1
Hyb_3845,1
Hyb_5432,1
Hyb_3920,1
Hyb_1887,1
Hyb_5382,1
Hyb_5000,1
Hyb_3844,1
Hyb_2244,1
Hyb_2245,1
Hyb_2246,1
Hyb_2247,1
Hyb_2240,1
Hyb_2241,1
Hyb_2242,1
Hyb_2243,1
Hyb_4679,1
Hyb_1449,1
Hyb_1448,1
Hyb_4570,1
Hyb_2710,1
Hyb_2740,1
Hyb_2743,1
Hyb_2742,1
Hyb_2745,1
Hyb_2744,1
Hyb_2747,1
Hyb_2746,1
Hyb_3610,1
Hyb_3611,1
Hyb_3612,1
Hyb_3613,1
Hyb_3614,1
Hyb_3615,1
Hyb_3616,1
Hyb_3617,1
Hyb_3618,1
Hyb_3619,1
Hyb_3225,1
Hyb_2394,1
Hyb_2741,1
Hyb_5453,1
Hyb_3916,1
Hyb_2748,1
Hyb_4150,1
Hyb_4151,1
Hyb_4156,1
Hyb_4157,1
Hyb_4154,1
Hyb_4155,1
Hyb_4398,1
Hyb_4399,1
Hyb_4558,1
Hyb_4958,1
Hyb_4390,1
Hyb_4391,1
Hyb_4392,1
Hyb_4393,1
Hyb_4394,1
Hyb_4395,1
Hyb_4396,1
Hyb_4397,1
Hyb_2749,1
Hyb_3949,1
Hyb_220,1
Hyb_3649,1
Hyb_2529,1
Hyb_5612,1
Hyb_4554,1
Hyb_2525,1
Hyb_2524,1
Hyb_2527,1
Hyb_2526,1
Hyb_2521,1
Hyb_2520,1
Hyb_2523,1
Hyb_2522,1
Hyb_4555,1
Hyb_5446,1
Hyb_1328,1
Hyb_4556,1
Hyb_4539,1
Hyb_5417,1
Hyb_5447,1
Hyb_5016,1
Hyb_3509,1
Hyb_2528,1
Hyb_4553,1
Hyb_3917,1
Hyb_3742,1
Hyb_3443,1
Hyb_4550,1
Hyb_4854,1
Hyb_4989,1
Hyb_5442,1
Hyb_3928,1
Hyb_3929,1
Hyb_3298,1
Hyb_3299,1
Hyb_4028,1
Hyb_4029,1
Hyb_3294,1
Hyb_3295,1
Hyb_3296,1
Hyb_3297,1
Hyb_3290,1
Hyb_3291,1
Hyb_3292,1
Hyb_3293,1
Hyb_4153,1
Hyb_4981,1
Hyb_4571,1
Hyb_212,1
Hyb_210,1
Hyb_211,1
Hyb_5850,1
Hyb_3640,1
Hyb_4340,1
Hyb_4341,1
Hyb_3863,1
Hyb_1410,1
Hyb_4099,1
Hyb_4342,1
Hyb_5523,1
Hyb_3943,1
Hyb_4343,1
Hyb_4098,1
Hyb_3862,1
Hyb_5857,1
Hyb_1849,1
Hyb_1848,1
Hyb_5379,1
Hyb_213,1
Hyb_215,1
Hyb_3447,1
Hyb_214,1
Hyb_4572,1
Hyb_4573,1
Hyb_3941,1
Hyb_4575,1
Hyb_4576,1
Hyb_4577,1
Hyb_4578,1
Hyb_1888,1
Hyb_5473,1
Hyb_4346,1
Hyb_4516,1
Hyb_5140,1
Hyb_3641,1
Hyb_4347,1
Hyb_3898,1
Hyb_218,1
Hyb_219,1
Hyb_216,1
Hyb_217,1
Hyb_5378,1
Hyb_3451,1
Hyb_4159,1
Hyb_5175,1
Hyb_5048,1
Hyb_3108,1
Hyb_3109,1
Hyb_2109,1
Hyb_3104,1
Hyb_3105,1
Hyb_3106,1
Hyb_3107,1
Hyb_3100,1
Hyb_3101,1
Hyb_3102,1
Hyb_3103,1
Hyb_4959,1
Hyb_5724,1
Hyb_495,1
Hyb_3708,1
Hyb_3563,1
Hyb_5142,1
Hyb_4158,1
Hyb_5174,1
Hyb_3860,1
Hyb_1843,1
Hyb_4488,1
Hyb_1842,1
Hyb_1841,1
Hyb_1840,1
Hyb_1847,1
Hyb_1846,1
Hyb_1845,1
Hyb_1844,1
Hyb_4484,1
Hyb_4485,1
Hyb_4486,1
Hyb_4487,1
Hyb_4094,1
Hyb_4481,1
Hyb_4482,1
Hyb_4483,1
Hyb_5173,1
Hyb_5172,1
Hyb_5171,1
Hyb_5170,1
Hyb_3275,1
Hyb_4902,1
Hyb_4903,1
Hyb_337,1
Hyb_331,1
Hyb_330,1
Hyb_1338,1
Hyb_332,1
Hyb_2917,1
Hyb_2910,1
Hyb_339,1
Hyb_1339,1
Hyb_4480,1
Hyb_4653,1
Hyb_5067,1
Hyb_4024,1
Hyb_5854,1
Hyb_5066,1
Hyb_4785,1
Hyb_4114,1
Hyb_449,1
Hyb_448,1
Hyb_2706,1
Hyb_336,1
Hyb_334,1
Hyb_443,1
Hyb_335,1
Hyb_4128,1
Hyb_1161,1
Hyb_2914,1
Hyb_1630,1
Hyb_1631,1
Hyb_1632,1
Hyb_1633,1
Hyb_1634,1
Hyb_1635,1
Hyb_1188,1
Hyb_1637,1
Hyb_1186,1
Hyb_1187,1
Hyb_1184,1
Hyb_1185,1
Hyb_1182,1
Hyb_1183,1
Hyb_1180,1
Hyb_1181,1
Hyb_5428,1
Hyb_442,1
Hyb_798,1
Hyb_5296,1
Hyb_5294,1
Hyb_5295,1
Hyb_4589,1
Hyb_4110,1
Hyb_5290,1
Hyb_5291,1
Hyb_4585,1
Hyb_4584,1
Hyb_4587,1
Hyb_4586,1
Hyb_4581,1
Hyb_4580,1
Hyb_4111,1
Hyb_4582,1
Hyb_201,1
Hyb_200,1
Hyb_203,1
Hyb_202,1
Hyb_205,1
Hyb_5297,1
Hyb_1989,1
Hyb_441,1
Hyb_1988,1
Hyb_440,1
Hyb_447,1
Hyb_446,1
Hyb_445,1
Hyb_444,1
Hyb_1454,1
Hyb_1455,1
Hyb_1984,1
Hyb_1457,1
Hyb_1982,1
Hyb_1451,1
Hyb_1980,1
Hyb_1453,1
Hyb_4117,1
Hyb_4121,1
Hyb_4345,1
Hyb_4344,1
Hyb_1458,1
Hyb_1459,1
Hyb_5122,1
Hyb_4371,1
Hyb_207,1
Hyb_3700,1
Hyb_5014,1
Hyb_3931,1
Hyb_5512,1
Hyb_5251,1
Hyb_4760,1
Hyb_4372,1
Hyb_3491,1
Hyb_4658,1
Hyb_4528,1
Hyb_3598,1
Hyb_4920,1
Hyb_3389,1
Hyb_3490,1
Hyb_5430,1
Hyb_266,1
Hyb_1529,1
Hyb_3388,1
Hyb_1524,1
Hyb_1525,1
Hyb_3725,1
Hyb_3496,1
Hyb_1527,1
Hyb_2238,1
Hyb_4198,1
Hyb_5436,1
Hyb_3495,1
Hyb_36,1
Hyb_5283,1
Hyb_3334,1
Hyb_550,1
Hyb_3494,1
Hyb_4921,1
Hyb_4761,1
Hyb_2231,1
Hyb_2230,1
Hyb_174,1
Hyb_551,1
Hyb_2235,1
Hyb_2234,1
Hyb_2237,1
Hyb_2236,1
Hyb_2239,1
Hyb_1526,1
Hyb_1520,1
Hyb_2463,1
Hyb_4776,1
Hyb_4774,1
Hyb_4775,1
Hyb_4772,1
Hyb_4773,1
Hyb_1330,1
Hyb_4771,1
Hyb_159,1
Hyb_158,1
Hyb_260,1
Hyb_1406,1
Hyb_151,1
Hyb_150,1
Hyb_153,1
Hyb_152,1
Hyb_155,1
Hyb_154,1
Hyb_157,1
Hyb_156,1
Hyb_5780,1
Hyb_4777,1
Hyb_4779,1
Hyb_1521,1
Hyb_4778,1
Hyb_1522,1
Hyb_1523,1
Hyb_5253,1
Hyb_4070,1
Hyb_5639,1
Hyb_264,1
Hyb_1513,1
Hyb_5634,1
Hyb_5557,1
Hyb_5143,1
Hyb_5637,1
Hyb_1336,1
Hyb_5631,1
Hyb_2467,1
Hyb_5633,1
Hyb_1512,1
Hyb_4656,1
Hyb_5252,1
Hyb_5157,1
Hyb_204,1
Hyb_206,1
Hyb_4900,1
Hyb_3872,1
Hyb_3259,1
Hyb_5495,1
Hyb_5722,1
Hyb_5100,1
Hyb_4316,1
Hyb_3370,1
Hyb_3377,1
Hyb_5245,1
Hyb_4013,1
Hyb_4012,1
Hyb_4011,1
Hyb_4010,1
Hyb_3376,1
Hyb_4016,1
Hyb_4015,1
Hyb_4014,1
Hyb_2538,1
Hyb_2539,1
Hyb_5116,1
Hyb_3371,1
Hyb_3258,1
Hyb_2532,1
Hyb_3553,1
Hyb_3356,1
Hyb_3351,1
Hyb_1714,1
Hyb_1825,1
Hyb_3352,1
Hyb_2756,1
Hyb_2757,1
Hyb_2754,1
Hyb_2755,1
Hyb_2752,1
Hyb_2753,1
Hyb_2750,1
Hyb_2751,1
Hyb_3552,1
Hyb_4447,1
Hyb_981,1
Hyb_2758,1
Hyb_2759,1
Hyb_3372,1
Hyb_3375,1
Hyb_2533,1
Hyb_3354,1
Hyb_3755,1
Hyb_3253,1
Hyb_3756,1
Hyb_933,1
Hyb_932,1
Hyb_931,1
Hyb_930,1
Hyb_937,1
Hyb_936,1
Hyb_935,1
Hyb_934,1
Hyb_5109,1
Hyb_1178,1
Hyb_5711,1
Hyb_4674,1
Hyb_4909,1
Hyb_4908,1
Hyb_5684,1
Hyb_3745,1
Hyb_4901,1
Hyb_3754,1
Hyb_938,1
Hyb_2530,1
Hyb_939,1
Hyb_2531,1
Hyb_2536,1
Hyb_2537,1
Hyb_2534,1
Hyb_2535,1
Hyb_3593,1
Hyb_3592,1
Hyb_3591,1
Hyb_3590,1
Hyb_3558,1
Hyb_3596,1
Hyb_3595,1
Hyb_3594,1
Hyb_5662,1
Hyb_3599,1
Hyb_3559,1
Hyb_3252,1
Hyb_3751,1
Hyb_3750,1
Hyb_3357,1
Hyb_3355,1
Hyb_209,1
Hyb_1859,1
Hyb_5369,1
Hyb_5844,1
Hyb_1831,1
Hyb_1712,1
Hyb_1850,1
Hyb_1851,1
Hyb_1852,1
Hyb_1853,1
Hyb_1854,1
Hyb_1855,1
Hyb_1856,1
Hyb_1857,1
Hyb_5168,1
Hyb_4948,1
Hyb_1833,1
Hyb_5318,1
Hyb_5160,1
Hyb_3951,1
Hyb_1774,1
Hyb_5368,1
Hyb_1858,1
Hyb_5164,1
Hyb_1830,1
Hyb_208,1
Hyb_3769,1
Hyb_4113,1
Hyb_3005,1
Hyb_3004,1
Hyb_3007,1
Hyb_3006,1
Hyb_3001,1
Hyb_3000,1
Hyb_3003,1
Hyb_3002,1
Hyb_3517,1
Hyb_5646,1
Hyb_3009,1
Hyb_3008,1
Hyb_5606,1
Hyb_3510,1
Hyb_1713,1
Hyb_4136,1
Hyb_4501,1
Hyb_5165,1
Hyb_3358,1
Hyb_5571,1
Hyb_4441,1
Hyb_5148,1
Hyb_3554,1
Hyb_643,1
Hyb_4440,1
Hyb_3555,1
Hyb_4167,1
Hyb_4166,1
Hyb_4165,1
Hyb_4164,1
Hyb_4163,1
Hyb_4162,1
Hyb_3556,1
Hyb_4160,1
Hyb_4443,1
Hyb_3557,1
Hyb_4169,1
Hyb_1352,1
Hyb_3359,1
Hyb_642,1
Hyb_1837,1
Hyb_5166,1
Hyb_5842,1
Hyb_5167,1
Hyb_3179,1
Hyb_1834,1
Hyb_3915,1
Hyb_3914,1
Hyb_3913,1
Hyb_3912,1
Hyb_3911,1
Hyb_3910,1
Hyb_646,1
Hyb_3170,1
Hyb_1835,1
Hyb_3172,1
Hyb_3175,1
Hyb_3174,1
Hyb_3177,1
Hyb_647,1
Hyb_5492,1
Hyb_4474,1
Hyb_1120,1
Hyb_4422,1
Hyb_2721,1
Hyb_2010,1
Hyb_2548,1
Hyb_2019,1
Hyb_2018,1
Hyb_602,1
Hyb_2543,1
Hyb_2542,1
Hyb_2541,1
Hyb_2016,1
Hyb_2547,1
Hyb_2013,1
Hyb_1782,1
Hyb_2544,1
Hyb_604,1
Hyb_3545,1
Hyb_3546,1
Hyb_3547,1
Hyb_3540,1
Hyb_3541,1
Hyb_3542,1
Hyb_3543,1
Hyb_2549,1
Hyb_5538,1
Hyb_5862,1
Hyb_5863,1
Hyb_5380,1
Hyb_3415,1
Hyb_5819,1
Hyb_601,1
Hyb_5837,1
Hyb_2441,1
Hyb_3328,1
Hyb_5415,1
Hyb_5836,1
Hyb_600,1
Hyb_4499,1
Hyb_3475,1
Hyb_5539,1
Hyb_5865,1
Hyb_5864,1
Hyb_5867,1
Hyb_5866,1
Hyb_5861,1
Hyb_603,1
Hyb_607,1
Hyb_5839,1
Hyb_3548,1
Hyb_3410,1
Hyb_4796,1
Hyb_4797,1
Hyb_28,1
Hyb_29,1
Hyb_4792,1
Hyb_4793,1
Hyb_4517,1
Hyb_4161,1
Hyb_5757,1
Hyb_1697,1
Hyb_3413,1
Hyb_5872,1
Hyb_4526,1
Hyb_5740,1
Hyb_5057,1
Hyb_2301,1
Hyb_2300,1
Hyb_461,1
Hyb_2302,1
Hyb_4795,1
Hyb_23,1
Hyb_3549,1
Hyb_22,1
Hyb_4574,1
Hyb_4445,1
Hyb_2499,1
Hyb_2498,1
Hyb_606,1
Hyb_2491,1
Hyb_2490,1
Hyb_2493,1
Hyb_2492,1
Hyb_2495,1
Hyb_2494,1
Hyb_2497,1
Hyb_2496,1
Hyb_24,1
Hyb_25,1
Hyb_26,1
Hyb_27,1
Hyb_20,1
Hyb_21,1
Hyb_3969,1
Hyb_5188,1
Hyb_5699,1
Hyb_3235,1
Hyb_5693,1
Hyb_914,1
Hyb_3966,1
Hyb_915,1
Hyb_2447,1
Hyb_5795,1
Hyb_3629,1
Hyb_5545,1
Hyb_916,1
Hyb_4763,1
Hyb_917,1
Hyb_5190,1
Hyb_3960,1
Hyb_2916,1
Hyb_4139,1
Hyb_5535,1
Hyb_5816,1
Hyb_3851,1
Hyb_2839,1
Hyb_4557,1
Hyb_3234,1
Hyb_910,1
Hyb_2638,1
Hyb_5311,1
Hyb_5310,1
Hyb_4228,1
Hyb_2179,1
Hyb_5315,1
Hyb_5314,1
Hyb_2635,1
Hyb_2634,1
Hyb_2637,1
Hyb_2636,1
Hyb_833,1
Hyb_2630,1
Hyb_2633,1
Hyb_2632,1
Hyb_3232,1
Hyb_3233,1
Hyb_3230,1
Hyb_832,1
Hyb_2639,1
Hyb_2838,1
Hyb_2836,1
Hyb_5496,1
Hyb_913,1
Hyb_4492,1
Hyb_3308,1
Hyb_3309,1
Hyb_3306,1
Hyb_3307,1
Hyb_3304,1
Hyb_3305,1
Hyb_3302,1
Hyb_3303,1
Hyb_3300,1
Hyb_3301,1
Hyb_5886,1
Hyb_4494,1
Hyb_5562,1
Hyb_5653,1
Hyb_5582,1
Hyb_5532,1
Hyb_3968,1
Hyb_5548,1
Hyb_5546,1
Hyb_2948,1
Hyb_2835,1
Hyb_2949,1
Hyb_2834,1
Hyb_2833,1
Hyb_2832,1
Hyb_2108,1
Hyb_911,1
Hyb_2129,1
Hyb_2128,1
Hyb_2945,1
Hyb_2944,1
Hyb_2943,1
Hyb_2942,1
Hyb_2941,1
Hyb_2940,1
Hyb_2121,1
Hyb_2120,1
Hyb_912,1
Hyb_2122,1
Hyb_2125,1
Hyb_2124,1
Hyb_2305,1
Hyb_2304,1
Hyb_2307,1
Hyb_1305,1
Hyb_1307,1
Hyb_1300,1
Hyb_1301,1
Hyb_1302,1
Hyb_1303,1
Hyb_4084,1
Hyb_4416,1
Hyb_4415,1
Hyb_3930,1
Hyb_1308,1
Hyb_1309,1
Hyb_3312,1
Hyb_4410,1
Hyb_4966,1
Hyb_4188,1
Hyb_5146,1
Hyb_3890,1
Hyb_4923,1
Hyb_4896,1
Hyb_1306,1
Hyb_1304,1
Hyb_371,1
Hyb_574,1
Hyb_1165,1
Hyb_1166,1
Hyb_1167,1
Hyb_199,1
Hyb_198,1
Hyb_1162,1
Hyb_1163,1
Hyb_579,1
Hyb_578,1
Hyb_4168,1
Hyb_4370,1
Hyb_4562,1
Hyb_573,1
Hyb_572,1
Hyb_571,1
Hyb_570,1
Hyb_577,1
Hyb_576,1
Hyb_575,1
Hyb_3609,1
Hyb_370,1
Hyb_192,1
Hyb_1418,1
Hyb_1948,1
Hyb_1949,1
Hyb_1942,1
Hyb_1943,1
Hyb_1940,1
Hyb_1941,1
Hyb_1946,1
Hyb_1947,1
Hyb_1944,1
Hyb_1945,1
Hyb_1788,1
Hyb_1789,1
Hyb_4301,1
Hyb_1159,1
Hyb_4307,1
Hyb_4306,1
Hyb_4305,1
Hyb_4304,1
Hyb_1780,1
Hyb_1419,1
Hyb_408,1
Hyb_373,1
Hyb_409,1
Hyb_372,1
Hyb_375,1
Hyb_374,1
Hyb_377,1
Hyb_376,1
Hyb_379,1
Hyb_378,1
Hyb_5788,1
Hyb_184,1
Hyb_407,1
Hyb_406,1
Hyb_405,1
Hyb_404,1
Hyb_403,1
Hyb_402,1
Hyb_401,1
Hyb_400,1
Hyb_3711,1
Hyb_3894,1
Hyb_1164,1
Hyb_193,1
Hyb_438,1
Hyb_5877,1
Hyb_4520,1
Hyb_5050,1
Hyb_4521,1
Hyb_5718,1
Hyb_4035,1
Hyb_5125,1
Hyb_5719,1
Hyb_5729,1
Hyb_4034,1
Hyb_5308,1
Hyb_3816,1
Hyb_4868,1
Hyb_3843,1
Hyb_5419,1
Hyb_5309,1
Hyb_722,1
Hyb_4036,1
Hyb_5163,1
Hyb_4209,1
Hyb_5051,1
Hyb_3971,1
Hyb_3319,1
Hyb_5509,1
Hyb_2309,1
Hyb_2308,1
Hyb_5055,1
Hyb_3316,1
Hyb_4203,1
Hyb_5300,1
Hyb_5712,1
Hyb_4,1
Hyb_5054,1
Hyb_3970,1
Hyb_5161,1
Hyb_5301,1
Hyb_1698,1
Hyb_4522,1
Hyb_5053,1
Hyb_1699,1
Hyb_5418,1
Hyb_4523,1
Hyb_5052,1
Hyb_3817,1
Hyb_4208,1
Hyb_1169,1
Hyb_1569,1
Hyb_5079,1
Hyb_5141,1
Hyb_753,1
Hyb_1744,1
Hyb_751,1
Hyb_750,1
Hyb_757,1
Hyb_756,1
Hyb_755,1
Hyb_754,1
Hyb_4919,1
Hyb_4374,1
Hyb_759,1
Hyb_758,1
Hyb_195,1
Hyb_194,1
Hyb_197,1
Hyb_196,1
Hyb_1168,1
Hyb_1745,1
Hyb_1568,1
Hyb_1762,1
Hyb_1567,1
Hyb_1763,1
Hyb_1760,1
Hyb_1761,1
Hyb_1766,1
Hyb_1767,1
Hyb_1764,1
Hyb_1765,1
Hyb_5059,1
Hyb_1768,1
Hyb_1769,1
Hyb_1747,1
Hyb_5058,1
Hyb_1560,1
Hyb_1561,1
Hyb_1562,1
Hyb_1746,1
Hyb_1564,1
Hyb_1565,1
Hyb_1566,1
Hyb_5186,1
Hyb_5313,1
Hyb_4223,1
Hyb_2687,1
Hyb_13,1
Hyb_12,1
Hyb_15,1
Hyb_678,1
Hyb_17,1
Hyb_2686,1
Hyb_4086,1
Hyb_5524,1
Hyb_5697,1
Hyb_5709,1
Hyb_3238,1
Hyb_2318,1
Hyb_2319,1
Hyb_2316,1
Hyb_2317,1
Hyb_2314,1
Hyb_2315,1
Hyb_2312,1
Hyb_2313,1
Hyb_10,1
Hyb_5423,1
Hyb_2311,1
Hyb_5695,1
Hyb_4943,1
Hyb_3882,1
Hyb_2683,1
Hyb_4956,1
Hyb_3583,1
Hyb_5731,1
Hyb_5395,1
Hyb_3947,1
Hyb_3948,1
Hyb_2682,1
Hyb_5692,1
Hyb_2685,1
Hyb_16,1
Hyb_3581,1
Hyb_2684,1
Hyb_5223,1
Hyb_19,1
Hyb_18,1
Hyb_14,1
Hyb_2310,1
Hyb_5663,1
Hyb_5690,1
Hyb_4866,1
Hyb_1456,1
Hyb_4892,1
Hyb_4891,1
Hyb_4890,1
Hyb_4339,1
Hyb_1641,1
Hyb_4895,1
Hyb_4894,1
Hyb_1025,1
Hyb_1024,1
Hyb_2873,1
Hyb_1026,1
Hyb_1021,1
Hyb_1020,1
Hyb_1023,1
Hyb_1022,1
Hyb_1642,1
Hyb_4757,1
Hyb_630,1
Hyb_1640,1
Hyb_4338,1
Hyb_5329,1
Hyb_4899,1
Hyb_4109,1
Hyb_5226,1
Hyb_5236,1
Hyb_5238,1
Hyb_5738,1
Hyb_5270,1
Hyb_5101,1
Hyb_672,1
Hyb_4863,1
Hyb_1646,1
Hyb_670,1
Hyb_4655,1
Hyb_1985,1
Hyb_4657,1
Hyb_1647,1
Hyb_4651,1
Hyb_4650,1
Hyb_671,1
Hyb_4652,1
Hyb_5730,1
Hyb_3710,1
Hyb_1028,1
Hyb_2138,1
Hyb_3689,1
Hyb_3688,1
Hyb_1898,1
Hyb_3683,1
Hyb_3682,1
Hyb_1174,1
Hyb_3680,1
Hyb_3687,1
Hyb_3686,1
Hyb_1899,1
Hyb_3684,1
Hyb_4461,1
Hyb_5398,1
Hyb_4823,1
Hyb_5229,1
Hyb_5031,1
Hyb_5400,1
Hyb_3231,1
Hyb_4875,1
Hyb_2139,1
Hyb_3336,1
Hyb_4877,1
Hyb_3337,1
Hyb_2952,1
Hyb_2953,1
Hyb_5409,1
Hyb_2958,1
Hyb_2959,1
Hyb_2488,1
Hyb_2489,1
Hyb_2136,1
Hyb_2137,1
Hyb_2134,1
Hyb_2135,1
Hyb_2132,1
Hyb_2133,1
Hyb_2130,1
Hyb_2131,1
Hyb_3333,1
Hyb_3332,1
Hyb_1059,1
Hyb_3330,1
Hyb_4874,1
Hyb_4876,1
Hyb_3582,1
Hyb_2006,1
Hyb_2004,1
Hyb_2557,1
Hyb_3531,1
Hyb_3530,1
Hyb_3533,1
Hyb_3532,1
Hyb_3535,1
Hyb_3534,1
Hyb_3537,1
Hyb_3536,1
Hyb_3539,1
Hyb_3538,1
Hyb_2681,1
Hyb_11,1
Hyb_1890,1
Hyb_4085,1
Hyb_3585,1
Hyb_2680,1
Hyb_4105,1
Hyb_2007,1
Hyb_2001,1
Hyb_4871,1
Hyb_2552,1
Hyb_4870,1
Hyb_4358,1
Hyb_4872,1
Hyb_3712,1
Hyb_5873,1
Hyb_5870,1
Hyb_5543,1
Hyb_4879,1
Hyb_4878,1
Hyb_3944,1
Hyb_5875,1
Hyb_2558,1
Hyb_2559,1
Hyb_2008,1
Hyb_2009,1
Hyb_5734,1
Hyb_4302,1
Hyb_2002,1
Hyb_2003,1
Hyb_1029,1
Hyb_5736,1
Hyb_2100,1
Hyb_349,1
Hyb_3818,1
Hyb_5429,1
Hyb_5440,1
Hyb_5572,1
Hyb_3313,1
Hyb_5196,1
Hyb_1977,1
Hyb_1976,1
Hyb_1975,1
Hyb_1974,1
Hyb_1973,1
Hyb_1972,1
Hyb_1971,1
Hyb_1970,1
Hyb_4318,1
Hyb_4319,1
Hyb_3621,1
Hyb_1979,1
Hyb_1978,1
Hyb_5443,1
Hyb_348,1
Hyb_1889,1
Hyb_619,1
Hyb_1680,1
Hyb_1683,1
Hyb_1682,1
Hyb_1685,1
Hyb_1684,1
Hyb_1687,1
Hyb_1686,1
Hyb_1689,1
Hyb_1688,1
Hyb_612,1
Hyb_613,1
Hyb_346,1
Hyb_347,1
Hyb_340,1
Hyb_341,1
Hyb_342,1
Hyb_615,1
Hyb_5573,1
Hyb_618,1
Hyb_5267,1
Hyb_5265,1
Hyb_4403,1
Hyb_3055,1
Hyb_3053,1
Hyb_3050,1
Hyb_3051,1
Hyb_5444,1
Hyb_2104,1
Hyb_3058,1
Hyb_3059,1
Hyb_2105,1
Hyb_4885,1
Hyb_4897,1
Hyb_2106,1
Hyb_3164,1
Hyb_2107,1
Hyb_4224,1
Hyb_4225,1
Hyb_4226,1
Hyb_4227,1
Hyb_4220,1
Hyb_4221,1
Hyb_3052,1
Hyb_3054,1
Hyb_5264,1
Hyb_3057,1
Hyb_5263,1
Hyb_5262,1
Hyb_5261,1
Hyb_5260,1
Hyb_5750,1
Hyb_5410,1
Hyb_5269,1
Hyb_5268,1
Hyb_3834,1
Hyb_3835,1
Hyb_3836,1
Hyb_3837,1
Hyb_3830,1
Hyb_3831,1
Hyb_3832,1
Hyb_3833,1
Hyb_3838,1
Hyb_3839,1
Hyb_3056,1
Hyb_1681,1
Hyb_4402,1
Hyb_1643,1
Hyb_290,1
Hyb_1595,1
Hyb_1594,1
Hyb_1597,1
Hyb_1596,1
Hyb_1591,1
Hyb_1193,1
Hyb_1593,1
Hyb_1592,1
Hyb_726,1
Hyb_727,1
Hyb_724,1
Hyb_725,1
Hyb_1190,1
Hyb_723,1
Hyb_720,1
Hyb_721,1
Hyb_4551,1
Hyb_1160,1
Hyb_4507,1
Hyb_291,1
Hyb_1598,1
Hyb_5108,1
Hyb_1599,1
Hyb_4335,1
Hyb_4898,1
Hyb_5363,1
Hyb_1209,1
Hyb_1208,1
Hyb_1759,1
Hyb_1758,1
Hyb_1205,1
Hyb_1204,1
Hyb_1755,1
Hyb_1754,1
Hyb_1201,1
Hyb_1200,1
Hyb_1203,1
Hyb_1202,1
Hyb_454,1
Hyb_297,1
Hyb_294,1
Hyb_295,1
Hyb_5686,1
Hyb_3236,1
Hyb_3162,1
Hyb_506,1
Hyb_504,1
Hyb_505,1
Hyb_502,1
Hyb_503,1
Hyb_500,1
Hyb_1195,1
Hyb_1371,1
Hyb_1370,1
Hyb_1373,1
Hyb_1372,1
Hyb_1375,1
Hyb_1374,1
Hyb_1377,1
Hyb_1376,1
Hyb_1379,1
Hyb_1378,1
Hyb_4406,1
Hyb_4407,1
Hyb_3239,1
Hyb_507,1
Hyb_509,1
Hyb_728,1
Hyb_508,1
Hyb_729,1
Hyb_1119,1
Hyb_1118,1
Hyb_5427,1
Hyb_4513,1
Hyb_4753,1
Hyb_3237,1
Hyb_4743,1
Hyb_1111,1
Hyb_1110,1
Hyb_1196,1
Hyb_1983,1
Hyb_1115,1
Hyb_1114,1
Hyb_1117,1
Hyb_1116,1
Hyb_2172,1
Hyb_4752,1
Hyb_4893,1
Hyb_1781,1
Hyb_1783,1
Hyb_2950,1
Hyb_2812,1
Hyb_4654,1
Hyb_5826,1
Hyb_2815,1
Hyb_2814,1
Hyb_2817,1
Hyb_2816,1
Hyb_2811,1
Hyb_2810,1
Hyb_2813,1
Hyb_3812,1
Hyb_1158,1
Hyb_3813,1
Hyb_3810,1
Hyb_3811,1
Hyb_2819,1
Hyb_2818,1
Hyb_3814,1
Hyb_3815,1
Hyb_4639,1
Hyb_3972,1
Hyb_5600,1
Hyb_338,1
Hyb_5119,1
Hyb_788,1
Hyb_983,1
Hyb_980,1
Hyb_2393,1
Hyb_986,1
Hyb_987,1
Hyb_984,1
Hyb_985,1
Hyb_3140,1
Hyb_3141,1
Hyb_3142,1
Hyb_3143,1
Hyb_3144,1
Hyb_3145,1
Hyb_3146,1
Hyb_3147,1
Hyb_3148,1
Hyb_3149,1
Hyb_5118,1
Hyb_5827,1
Hyb_5115,1
Hyb_2149,1
Hyb_2148,1
Hyb_2783,1
Hyb_5153,1
Hyb_5028,1
Hyb_4172,1
Hyb_5604,1
Hyb_3976,1
Hyb_3414,1
Hyb_3977,1
Hyb_5056,1
Hyb_5366,1
Hyb_3974,1
Hyb_5129,1
Hyb_5367,1
Hyb_3975,1
Hyb_5468,1
Hyb_5883,1
Hyb_1452,1
Hyb_3875,1
Hyb_5364,1
Hyb_5887,1
Hyb_2782,1
Hyb_2780,1
Hyb_2147,1
Hyb_2781,1
Hyb_2146,1
Hyb_2145,1
Hyb_2144,1
Hyb_2143,1
Hyb_2142,1
Hyb_2141,1
Hyb_2140,1
Hyb_3364,1
Hyb_3365,1
Hyb_3366,1
Hyb_3367,1
Hyb_2789,1
Hyb_2788,1
Hyb_3362,1
Hyb_3363,1
Hyb_2785,1
Hyb_2784,1
Hyb_2787,1
Hyb_2786,1
Hyb_982,1
Hyb_3785,1
Hyb_3784,1
Hyb_4330,1
Hyb_2101,1
Hyb_1792,1
Hyb_1791,1
Hyb_1790,1
Hyb_1797,1
Hyb_1796,1
Hyb_1795,1
Hyb_1794,1
Hyb_5089,1
Hyb_5088,1
Hyb_2762,1
Hyb_2396,1
Hyb_1468,1
Hyb_5083,1
Hyb_5082,1
Hyb_5081,1
Hyb_5080,1
Hyb_5087,1
Hyb_5086,1
Hyb_4331,1
Hyb_4333,1
Hyb_5084,1
Hyb_3529,1
Hyb_419,1
Hyb_5394,1
Hyb_1409,1
Hyb_1408,1
Hyb_1959,1
Hyb_1958,1
Hyb_5559,1
Hyb_1955,1
Hyb_1954,1
Hyb_1957,1
Hyb_1400,1
Hyb_1407,1
Hyb_1950,1
Hyb_1953,1
Hyb_1952,1
Hyb_4336,1
Hyb_4337,1
Hyb_1799,1
Hyb_1798,1
Hyb_5085,1
Hyb_2555,1
Hyb_3787,1
Hyb_4206,1
Hyb_4204,1
Hyb_4205,1
Hyb_5331,1
Hyb_5330,1
Hyb_1696,1
Hyb_5332,1
Hyb_5335,1
Hyb_5334,1
Hyb_5337,1
Hyb_5336,1
Hyb_5339,1
Hyb_5338,1
Hyb_2392,1
Hyb_5555,1
Hyb_3782,1
Hyb_3783,1
Hyb_988,1
Hyb_989,1
Hyb_3786,1
Hyb_4207,1
Hyb_4201,1
Hyb_3038,1
Hyb_4200,1
Hyb_3039,1
Hyb_2760,1
Hyb_2554,1
Hyb_3034,1
Hyb_3035,1
Hyb_3036,1
Hyb_3037,1
Hyb_3030,1
Hyb_3031,1
Hyb_3032,1
Hyb_3033,1
Hyb_1860,1
Hyb_2556,1
Hyb_2390,1
Hyb_5551,1
Hyb_2342,1
Hyb_4199,1
Hyb_4202,1
Hyb_2343,1
Hyb_5469,1
Hyb_5885,1
Hyb_5820,1
Hyb_4135,1
Hyb_4688,1
Hyb_4689,1
Hyb_4704,1
Hyb_2219,1
Hyb_2218,1
Hyb_2213,1
Hyb_2212,1
Hyb_2211,1
Hyb_2210,1
Hyb_2217,1
Hyb_2216,1
Hyb_2215,1
Hyb_2214,1
Hyb_2371,1
Hyb_4632,1
Hyb_5176,1
Hyb_3883,1
Hyb_4137,1
Hyb_1750,1
Hyb_3501,1
Hyb_3551,1
Hyb_4828,1
Hyb_4634,1
Hyb_3827,1
Hyb_2946,1
Hyb_4700,1
Hyb_4707,1
Hyb_4637,1
Hyb_5531,1
Hyb_2947,1
Hyb_3826,1
Hyb_3343,1
Hyb_1753,1
Hyb_5490,1
Hyb_4686,1
Hyb_4687,1
Hyb_4684,1
Hyb_4685,1
Hyb_4682,1
Hyb_4683,1
Hyb_4680,1
Hyb_4681,1
Hyb_4633,1
Hyb_2374,1
Hyb_5782,1
Hyb_774,1
Hyb_776,1
Hyb_771,1
Hyb_770,1
Hyb_773,1
Hyb_772,1
Hyb_1142,1
Hyb_1143,1
Hyb_1140,1
Hyb_1141,1
Hyb_1146,1
Hyb_1147,1
Hyb_179,1
Hyb_178,1
Hyb_177,1
Hyb_176,1
Hyb_175,1
Hyb_1149,1
Hyb_173,1
Hyb_172,1
Hyb_777,1
Hyb_775,1
Hyb_5027,1
Hyb_5651,1
Hyb_1094,1
Hyb_1095,1
Hyb_1096,1
Hyb_1097,1
Hyb_1090,1
Hyb_1091,1
Hyb_1540,1
Hyb_1093,1
Hyb_1098,1
Hyb_1099,1
Hyb_1548,1
Hyb_1549,1
Hyb_2377,1
Hyb_4759,1
Hyb_5654,1
Hyb_5655,1
Hyb_779,1
Hyb_778,1
Hyb_5533,1
Hyb_4748,1
Hyb_4058,1
Hyb_5725,1
Hyb_3565,1
Hyb_965,1
Hyb_864,1
Hyb_967,1
Hyb_960,1
Hyb_961,1
Hyb_962,1
Hyb_963,1
Hyb_3760,1
Hyb_3761,1
Hyb_3762,1
Hyb_3763,1
Hyb_968,1
Hyb_969,1
Hyb_3766,1
Hyb_3767,1
Hyb_5507,1
Hyb_4120,1
Hyb_2969,1
Hyb_2968,1
Hyb_964,1
Hyb_3564,1
Hyb_5806,1
Hyb_3567,1
Hyb_4295,1
Hyb_5889,1
Hyb_5848,1
Hyb_5365,1
Hyb_5362,1
Hyb_1450,1
Hyb_2561,1
Hyb_2560,1
Hyb_2563,1
Hyb_2562,1
Hyb_2565,1
Hyb_2564,1
Hyb_2567,1
Hyb_2566,1
Hyb_2569,1
Hyb_2568,1
Hyb_595,1
Hyb_3561,1
Hyb_3566,1
Hyb_4742,1
Hyb_2965,1
Hyb_593,1
Hyb_4938,1
Hyb_4746,1
Hyb_5536,1
Hyb_2367,1
Hyb_2366,1
Hyb_2365,1
Hyb_2364,1
Hyb_2363,1
Hyb_2362,1
Hyb_2361,1
Hyb_2360,1
Hyb_4132,1
Hyb_4703,1
Hyb_4744,1
Hyb_2369,1
Hyb_2368,1
Hyb_2574,1
Hyb_3627,1
Hyb_4702,1
Hyb_4749,1
Hyb_4419,1
Hyb_4131,1
Hyb_2964,1
Hyb_4936,1
Hyb_2967,1
Hyb_2966,1
Hyb_2961,1
Hyb_2960,1
Hyb_2963,1
Hyb_2962,1
Hyb_4130,1
Hyb_262,1
Hyb_4740,1
Hyb_3544,1
Hyb_4417,1
Hyb_4708,1
Hyb_3347,1
Hyb_4930,1
Hyb_4747,1
Hyb_4932,1
Hyb_4933,1
Hyb_4934,1
Hyb_4935,1
Hyb_418,1
Hyb_413,1
Hyb_412,1
Hyb_3315,1
Hyb_3317,1
Hyb_292,1
Hyb_2792,1
Hyb_2793,1
Hyb_2790,1
Hyb_2791,1
Hyb_2796,1
Hyb_2797,1
Hyb_2794,1
Hyb_2795,1
Hyb_293,1
Hyb_3718,1
Hyb_4107,1
Hyb_5878,1
Hyb_4104,1
Hyb_4846,1
Hyb_4543,1
Hyb_296,1
Hyb_5182,1
Hyb_3314,1
Hyb_2799,1
Hyb_2698,1
Hyb_2798,1
Hyb_4126,1
Hyb_4125,1
Hyb_4124,1
Hyb_2885,1
Hyb_4755,1
Hyb_4544,1
Hyb_2158,1
Hyb_2159,1
Hyb_5879,1
Hyb_2154,1
Hyb_2155,1
Hyb_2156,1
Hyb_2157,1
Hyb_2150,1
Hyb_2151,1
Hyb_2152,1
Hyb_2153,1
Hyb_3311,1
Hyb_3310,1
Hyb_5371,1
Hyb_5732,1
Hyb_1207,1
Hyb_2572,1
Hyb_2570,1
Hyb_2571,1
Hyb_977,1
Hyb_1258,1
Hyb_975,1
Hyb_974,1
Hyb_973,1
Hyb_972,1
Hyb_971,1
Hyb_970,1
Hyb_4944,1
Hyb_2691,1
Hyb_5185,1
Hyb_979,1
Hyb_978,1
Hyb_298,1
Hyb_2978,1
Hyb_2979,1
Hyb_2690,1
Hyb_2573,1
Hyb_2575,1
Hyb_4540,1
Hyb_1259,1
Hyb_5890,1
Hyb_5891,1
Hyb_1189,1
Hyb_5893,1
Hyb_5894,1
Hyb_2164,1
Hyb_5896,1
Hyb_5183,1
Hyb_5298,1
Hyb_5404,1
Hyb_5733,1
Hyb_4541,1
Hyb_4108,1
Hyb_3973,1
Hyb_3508,1
Hyb_2578,1
Hyb_2579,1
Hyb_2576,1
Hyb_2577,1
Hyb_4127,1
Hyb_2808,1
Hyb_2972,1
Hyb_3821,1
Hyb_3041,1
Hyb_3040,1
Hyb_3043,1
Hyb_3042,1
Hyb_3045,1
Hyb_3044,1
Hyb_3047,1
Hyb_3046,1
Hyb_4312,1
Hyb_3604,1
Hyb_3919,1
Hyb_5521,1
Hyb_1151,1
Hyb_188,1
Hyb_5696,1
Hyb_1150,1
Hyb_2880,1
Hyb_5520,1
Hyb_4237,1
Hyb_3820,1
Hyb_3822,1
Hyb_4235,1
Hyb_3823,1
Hyb_1785,1
Hyb_1786,1
Hyb_1787,1
Hyb_183,1
Hyb_5099,1
Hyb_3318,1
Hyb_5694,1
Hyb_3899,1
Hyb_5091,1
Hyb_5092,1
Hyb_5093,1
Hyb_1545,1
Hyb_5095,1
Hyb_4853,1
Hyb_5097,1
Hyb_3049,1
Hyb_3048,1
Hyb_3825,1
Hyb_3824,1
Hyb_4236,1
Hyb_4234,1
Hyb_4122,1
Hyb_990,1
Hyb_992,1
Hyb_4781,1
Hyb_4741,1
Hyb_3597,1
Hyb_5292,1
Hyb_4297,1
Hyb_4546,1
Hyb_5735,1
Hyb_2866,1
Hyb_4770,1
Hyb_2802,1
Hyb_2803,1
Hyb_2800,1
Hyb_2801,1
Hyb_2806,1
Hyb_2807,1
Hyb_2804,1
Hyb_2805,1
Hyb_4123,1
Hyb_993,1
Hyb_991,1
Hyb_4233,1
Hyb_996,1
Hyb_4232,1
Hyb_4231,1
Hyb_4230,1
Hyb_5326,1
Hyb_5327,1
Hyb_5324,1
Hyb_5325,1
Hyb_5322,1
Hyb_5323,1
Hyb_4239,1
Hyb_4238,1
Hyb_3959,1
Hyb_3958,1
Hyb_999,1
Hyb_998,1
Hyb_5682,1
Hyb_995,1
Hyb_994,1
Hyb_997,1
Hyb_4495,1
Hyb_2973,1
Hyb_411,1
Hyb_5510,1
Hyb_2455,1
Hyb_180,1
Hyb_181,1
Hyb_186,1
Hyb_187,1
Hyb_1179,1
Hyb_185,1
Hyb_1177,1
Hyb_1176,1
Hyb_1175,1
Hyb_189,1
Hyb_1173,1
Hyb_1172,1
Hyb_1171,1
Hyb_1170,1
Hyb_568,1
Hyb_569,1
Hyb_5485,1
Hyb_560,1
Hyb_182,1
Hyb_5668,1
Hyb_562,1
Hyb_5486,1
Hyb_1576,1
Hyb_1575,1
Hyb_1574,1
Hyb_4193,1
Hyb_1579,1
Hyb_1578,1
Hyb_1192,1
Hyb_5068,1
Hyb_5008,1
Hyb_2452,1
Hyb_741,1
Hyb_742,1
Hyb_743,1
Hyb_744,1
Hyb_745,1
Hyb_746,1
Hyb_2453,1
Hyb_686,1
Hyb_749,1
Hyb_561,1
Hyb_563,1
Hyb_1570,1
Hyb_5797,1
Hyb_5560,1
Hyb_5794,1
Hyb_5793,1
Hyb_1516,1
Hyb_368,1
Hyb_369,1
Hyb_366,1
Hyb_367,1
Hyb_364,1
Hyb_365,1
Hyb_362,1
Hyb_363,1
Hyb_357,1
Hyb_361,1
Hyb_414,1
Hyb_415,1
Hyb_416,1
Hyb_417,1
Hyb_410,1
Hyb_5796,1
Hyb_5098,1
Hyb_564,1
Hyb_5519,1
Hyb_565,1
Hyb_566,1
Hyb_567,1
Hyb_1317,1
Hyb_1316,1
Hyb_1315,1
Hyb_1314,1
Hyb_1313,1
Hyb_1312,1
Hyb_1311,1
Hyb_1310,1
Hyb_4428,1
Hyb_4429,1
Hyb_1319,1
Hyb_1318,1
Hyb_3520,1
Hyb_5516,1
Hyb_510,1
Hyb_3521,1
Hyb_1577,1
Hyb_1571,1
Hyb_299,1
Hyb_5071,1
Hyb_3879,1
Hyb_2174,1
Hyb_5096,1
Hyb_3500,1
Hyb_1826,1
Hyb_2175,1
Hyb_2375,1
Hyb_2376,1
Hyb_2017,1
Hyb_2370,1
Hyb_1827,1
Hyb_2372,1
Hyb_2373,1
Hyb_5762,1
Hyb_2173,1
Hyb_2378,1
Hyb_2379,1
Hyb_1253,1
Hyb_4905,1
Hyb_2821,1
Hyb_4780,1
Hyb_2170,1
Hyb_2177,1
Hyb_2971,1
Hyb_2976,1
Hyb_2977,1
Hyb_2974,1
Hyb_2975,1
Hyb_33,1
Hyb_32,1
Hyb_31,1
Hyb_30,1
Hyb_37,1
Hyb_2176,1
Hyb_35,1
Hyb_34,1
Hyb_4787,1
Hyb_4786,1
Hyb_39,1
Hyb_38,1
Hyb_4783,1
Hyb_4782,1
Hyb_5739,1
Hyb_2069,1
Hyb_1572,1
Hyb_2203,1
Hyb_2205,1
Hyb_2206,1
Hyb_2207,1
Hyb_3198,1
Hyb_5317,1
Hyb_2178,1
Hyb_5541,1
Hyb_1775,1
Hyb_1027,1
Hyb_1777,1
Hyb_1776,1
Hyb_1771,1
Hyb_1770,1
Hyb_1773,1
Hyb_1772,1
Hyb_1779,1
Hyb_1778,1
Hyb_2450,1
Hyb_1573,1
Hyb_2204,1
Hyb_2202,1
Hyb_2824,1
Hyb_2201,1
Hyb_5094,1
Hyb_2171,1
Hyb_4790,1
Hyb_1822,1
Hyb_5761,1
Hyb_5203,1
Hyb_1823,1
Hyb_1257,1
Hyb_5767,1
Hyb_1820,1
Hyb_5399,1
Hyb_1256,1
Hyb_2876,1
Hyb_3562,1
Hyb_2208,1
Hyb_2209,1
Hyb_5445,1
Hyb_3489,1
Hyb_2200,1
Hyb_2951,1
Hyb_2957,1
Hyb_5259,1
Hyb_3887,1
Hyb_4180,1
Hyb_3936,1
Hyb_4182,1
Hyb_4185,1
Hyb_4184,1
Hyb_4187,1
Hyb_4186,1
Hyb_3885,1
Hyb_3884,1
Hyb_3886,1
Hyb_1644,1
Hyb_3881,1
Hyb_3880,1
Hyb_1908,1
Hyb_1909,1
Hyb_1906,1
Hyb_1907,1
Hyb_1904,1
Hyb_1905,1
Hyb_1902,1
Hyb_4181,1
Hyb_4835,1
Hyb_5649,1
Hyb_3937,1
Hyb_5106,1
Hyb_5107,1
Hyb_5104,1
Hyb_5105,1
Hyb_5785,1
Hyb_5113,1
Hyb_5123,1
Hyb_1547,1
Hyb_5147,1
Hyb_3935,1
Hyb_4277,1
Hyb_5888,1
Hyb_5802,1
Hyb_1546,1
Hyb_3934,1
Hyb_4324,1
Hyb_5061,1
Hyb_3412,1
Hyb_4189,1
Hyb_1903,1
Hyb_1900,1
Hyb_1901,1
Hyb_3645,1
Hyb_3643,1
Hyb_3642,1
Hyb_2848,1
Hyb_2849,1
Hyb_4508,1
Hyb_3089,1
Hyb_3088,1
Hyb_4506,1
Hyb_3402,1
Hyb_3085,1
Hyb_3084,1
Hyb_3087,1
Hyb_3086,1
Hyb_3081,1
Hyb_3080,1
Hyb_3083,1
Hyb_3082,1
Hyb_5361,1
Hyb_4079,1
Hyb_3644,1
Hyb_2734,1
Hyb_5881,1
Hyb_3647,1
Hyb_3933,1
Hyb_3385,1
Hyb_5219,1
Hyb_5216,1
Hyb_5217,1
Hyb_5214,1
Hyb_5215,1
Hyb_5212,1
Hyb_5213,1
Hyb_3932,1
Hyb_5211,1
Hyb_2846,1
Hyb_2847,1
Hyb_2844,1
Hyb_2845,1
Hyb_2842,1
Hyb_2843,1
Hyb_2840,1
Hyb_2841,1
Hyb_4458,1
Hyb_4459,1
Hyb_5103,1
Hyb_1238,1
Hyb_1728,1
Hyb_1729,1
Hyb_4754,1
Hyb_5037,1
Hyb_822,1
Hyb_2831,1
Hyb_5032,1
Hyb_5033,1
Hyb_5030,1
Hyb_821,1
Hyb_5553,1
Hyb_1092,1
Hyb_5038,1
Hyb_5039,1
Hyb_820,1
Hyb_5542,1
Hyb_827,1
Hyb_719,1
Hyb_718,1
Hyb_1239,1
Hyb_4524,1
Hyb_716,1
Hyb_4525,1
Hyb_3223,1
Hyb_623,1
Hyb_622,1
Hyb_621,1
Hyb_620,1
Hyb_627,1
Hyb_626,1
Hyb_625,1
Hyb_624,1
Hyb_1234,1
Hyb_1235,1
Hyb_1236,1
Hyb_1237,1
Hyb_1230,1
Hyb_1231,1
Hyb_1232,1
Hyb_1233,1
Hyb_4527,1
Hyb_823,1
Hyb_717,1
Hyb_715,1
Hyb_5102,1
Hyb_1839,1
Hyb_4290,1
Hyb_4293,1
Hyb_4292,1
Hyb_1340,1
Hyb_1341,1
Hyb_1342,1
Hyb_1343,1
Hyb_1836,1
Hyb_1345,1
Hyb_1346,1
Hyb_1347,1
Hyb_4453,1
Hyb_4452,1
Hyb_4451,1
Hyb_4450,1
Hyb_4457,1
Hyb_4456,1
Hyb_4455,1
Hyb_4454,1
Hyb_4291,1
Hyb_1838,1
Hyb_714,1
Hyb_1349,1
Hyb_713,1
Hyb_712,1
Hyb_711,1
Hyb_710,1
Hyb_537,1
Hyb_536,1
Hyb_535,1
Hyb_2110,1
Hyb_533,1
Hyb_532,1
Hyb_531,1
Hyb_530,1
Hyb_5544,1
Hyb_1542,1
Hyb_4829,1
Hyb_2111,1
Hyb_539,1
Hyb_538,1
Hyb_1348,1
Hyb_4078,1
Hyb_3842,1
Hyb_4075,1
Hyb_5859,1
Hyb_5589,1
Hyb_2024,1
Hyb_2025,1
Hyb_2026,1
Hyb_2027,1
Hyb_2020,1
Hyb_2021,1
Hyb_2022,1
Hyb_2023,1
Hyb_3513,1
Hyb_3512,1
Hyb_3511,1
Hyb_3403,1
Hyb_2028,1
Hyb_2029,1
Hyb_3515,1
Hyb_3514,1
Hyb_3446,1
Hyb_226,1
Hyb_5588,1
Hyb_5858,1
Hyb_5674,1
Hyb_3445,1
Hyb_4859,1
Hyb_4801,1
Hyb_4857,1
Hyb_4856,1
Hyb_4855,1
Hyb_2726,1
Hyb_4334,1
Hyb_4852,1
Hyb_4851,1
Hyb_4850,1
Hyb_4701,1
Hyb_5587,1
Hyb_5584,1
Hyb_5585,1
Hyb_4758,1
Hyb_5583,1
Hyb_5580,1
Hyb_5581,1
Hyb_5628,1
Hyb_4706,1
Hyb_3441,1
Hyb_3448,1
Hyb_2339,1
Hyb_4982,1
Hyb_4985,1
Hyb_4984,1
Hyb_4987,1
Hyb_4986,1
Hyb_2330,1
Hyb_2331,1
Hyb_2332,1
Hyb_2333,1
Hyb_2334,1
Hyb_2335,1
Hyb_2336,1
Hyb_2337,1
Hyb_2892,1
Hyb_5403,1
Hyb_221,1
Hyb_4745,1
Hyb_3625,1
Hyb_4630,1
Hyb_3620,1
Hyb_2338,1
Hyb_5402,1
Hyb_70,1
Hyb_4588,1
Hyb_5803,1
Hyb_3440,1
Hyb_224,1
Hyb_3623,1
Hyb_3923,1
Hyb_3369,1
Hyb_225,1
Hyb_3954,1
Hyb_3622,1
Hyb_79,1
Hyb_78,1
Hyb_77,1
Hyb_76,1
Hyb_75,1
Hyb_74,1
Hyb_73,1
Hyb_72,1
Hyb_71,1
Hyb_5678,1
Hyb_2593,1
Hyb_4074,1
Hyb_2609,1
Hyb_2605,1
Hyb_2606,1
Hyb_2607,1
Hyb_2600,1
Hyb_2601,1
Hyb_2602,1
Hyb_2603,1
Hyb_3261,1
Hyb_3260,1
Hyb_3263,1
Hyb_3262,1
Hyb_3265,1
Hyb_3264,1
Hyb_3267,1
Hyb_3266,1
Hyb_3269,1
Hyb_3268,1
Hyb_5197,1
Hyb_3953,1
Hyb_2604,1
Hyb_2608,1
Hyb_5289,1
Hyb_5064,1
Hyb_4077,1
Hyb_4053,1
Hyb_4071,1
Hyb_2730,1
Hyb_4073,1
Hyb_4072,1
Hyb_5287,1
Hyb_4279,1
Hyb_4278,1
Hyb_4052,1
Hyb_4273,1
Hyb_4272,1
Hyb_4271,1
Hyb_4270,1
Hyb_3173,1
Hyb_4276,1
Hyb_4275,1
Hyb_2732,1
Hyb_4503,1
Hyb_3380,1
Hyb_5288,1
Hyb_2592,1
Hyb_3467,1
Hyb_3465,1
Hyb_3464,1
Hyb_3463,1
Hyb_3462,1
Hyb_3461,1
Hyb_3460,1
Hyb_5508,1
Hyb_5193,1
Hyb_3469,1
Hyb_3468,1
Hyb_2598,1
Hyb_2599,1
Hyb_3449,1
Hyb_2594,1
Hyb_2595,1
Hyb_2596,1
Hyb_2597,1
Hyb_2590,1
Hyb_2591,1
Hyb_3466,1
Hyb_828,1
Hyb_2938,1
Hyb_829,1
Hyb_2939,1
Hyb_2936,1
Hyb_2937,1
Hyb_2934,1
Hyb_2935,1
Hyb_2932,1
Hyb_2933,1
Hyb_2930,1
Hyb_2931,1
Hyb_825,1
Hyb_824,1
Hyb_2112,1
Hyb_826,1
Hyb_2114,1
Hyb_2115,1
Hyb_2116,1
Hyb_2117,1
Hyb_2118,1
Hyb_2119,1
Hyb_5149,1
Hyb_3450,1
Hyb_5527,1
Hyb_3091,1
Hyb_3097,1
Hyb_3094,1
Hyb_3095,1
Hyb_1912,1
Hyb_4068,1
Hyb_4069,1
Hyb_5218,1
Hyb_5189,1
Hyb_4729,1
Hyb_1590,1
Hyb_4063,1
Hyb_4060,1
Hyb_4061,1
Hyb_4066,1
Hyb_3418,1
Hyb_4064,1
Hyb_4065,1
Hyb_4268,1
Hyb_4269,1
Hyb_3096,1
Hyb_3090,1
Hyb_4261,1
Hyb_3093,1
Hyb_2701,1
Hyb_2700,1
Hyb_2703,1
Hyb_2702,1
Hyb_3654,1
Hyb_3655,1
Hyb_2879,1
Hyb_2878,1
Hyb_2709,1
Hyb_2708,1
Hyb_3652,1
Hyb_3653,1
Hyb_5187,1
Hyb_3098,1
Hyb_3099,1
Hyb_5299,1
Hyb_3773,1
Hyb_4579,1
Hyb_3092,1
Hyb_4260,1
Hyb_4262,1
Hyb_2707,1
Hyb_3272,1
Hyb_3270,1
Hyb_3271,1
Hyb_4822,1
Hyb_1402,1
Hyb_3789,1
Hyb_1264,1
Hyb_5406,1
Hyb_1401,1
Hyb_5804,1
Hyb_5145,1
Hyb_4715,1
Hyb_5689,1
Hyb_5407,1
Hyb_5763,1
Hyb_5558,1
Hyb_2909,1
Hyb_2908,1
Hyb_2459,1
Hyb_2458,1
Hyb_3273,1
Hyb_1403,1
Hyb_4263,1
Hyb_3274,1
Hyb_4264,1
Hyb_4265,1
Hyb_4266,1
Hyb_4267,1
Hyb_2679,1
Hyb_2678,1
Hyb_5467,1
Hyb_2671,1
Hyb_2670,1
Hyb_2673,1
Hyb_2672,1
Hyb_2675,1
Hyb_2674,1
Hyb_2677,1
Hyb_2676,1
Hyb_3278,1
Hyb_3279,1
Hyb_3276,1
Hyb_3277,1
Hyb_2870,1
Hyb_2704,1
Hyb_5488,1
Hyb_4449,1
Hyb_1125,1
Hyb_1808,1
Hyb_4762,1
Hyb_4309,1
Hyb_3409,1
Hyb_5134,1
Hyb_498,1
Hyb_499,1
Hyb_5131,1
Hyb_5130,1
Hyb_494,1
Hyb_236,1
Hyb_496,1
Hyb_497,1
Hyb_490,1
Hyb_491,1
Hyb_492,1
Hyb_493,1
Hyb_1127,1
Hyb_273,1
Hyb_4448,1
Hyb_234,1
Hyb_1800,1
Hyb_1121,1
Hyb_5258,1
Hyb_4282,1
Hyb_4283,1
Hyb_4280,1
Hyb_1122,1
Hyb_2113,1
Hyb_4287,1
Hyb_4284,1
Hyb_4285,1
Hyb_4288,1
Hyb_4289,1
Hyb_1807,1
Hyb_1806,1
Hyb_1805,1
Hyb_1804,1
Hyb_1803,1
Hyb_1802,1
Hyb_1801,1
Hyb_237,1
Hyb_5841,1
Hyb_2705,1
Hyb_3895,1
Hyb_1932,1
Hyb_1931,1
Hyb_230,1
Hyb_1937,1
Hyb_1936,1
Hyb_1935,1
Hyb_1934,1
Hyb_3776,1
Hyb_5228,1
Hyb_231,1
Hyb_5029,1
Hyb_4720,1
Hyb_3777,1
Hyb_5221,1
Hyb_5220,1
Hyb_5227,1
Hyb_4727,1
Hyb_5225,1
Hyb_5224,1
Hyb_1933,1
Hyb_233,1
Hyb_4858,1
Hyb_3897,1
Hyb_4767,1
Hyb_235,1
Hyb_5840,1
Hyb_3918,1
Hyb_4766,1
Hyb_5180,1
Hyb_3778,1
Hyb_4765,1
Hyb_5293,1
Hyb_1323,1
Hyb_4434,1
Hyb_232,1
Hyb_5181,1
Hyb_3779,1
Hyb_3892,1
Hyb_3893,1
Hyb_1939,1
Hyb_1938,1
Hyb_3896,1
Hyb_5489,1
Hyb_2903,1
Hyb_628,1
Hyb_4990,1
Hyb_4726,1
Hyb_3715,1
Hyb_4408,1
Hyb_3459,1
Hyb_5370,1
Hyb_3458,1
Hyb_4725,1
Hyb_1652,1
Hyb_1653,1
Hyb_1650,1
Hyb_1123,1
Hyb_1124,1
Hyb_1657,1
Hyb_1126,1
Hyb_1655,1
Hyb_1128,1
Hyb_1129,1
Hyb_1658,1
Hyb_1659,1
Hyb_4991,1
Hyb_3229,1
Hyb_5528,1
Hyb_3714,1
Hyb_63,1
Hyb_64,1
Hyb_65,1
Hyb_66,1
Hyb_67,1
Hyb_68,1
Hyb_69,1
Hyb_5656,1
Hyb_5707,1
Hyb_3716,1
Hyb_5150,1
Hyb_3382,1
Hyb_3717,1
Hyb_3228,1
Hyb_4999,1
Hyb_4996,1
Hyb_4997,1
Hyb_4994,1
Hyb_4118,1
Hyb_5790,1
Hyb_343,1
Hyb_61,1
Hyb_4320,1
Hyb_5876,1
Hyb_4668,1
Hyb_4669,1
Hyb_3220,1
Hyb_3457,1
Hyb_5525,1
Hyb_1018,1
Hyb_1019,1
Hyb_3456,1
Hyb_1014,1
Hyb_1015,1
Hyb_1016,1
Hyb_1017,1
Hyb_1010,1
Hyb_1011,1
Hyb_1012,1
Hyb_1013,1
Hyb_3222,1
Hyb_629,1
Hyb_3454,1
Hyb_4663,1
Hyb_5664,1
Hyb_1877,1
Hyb_393,1
Hyb_392,1
Hyb_391,1
Hyb_390,1
Hyb_397,1
Hyb_396,1
Hyb_395,1
Hyb_394,1
Hyb_345,1
Hyb_399,1
Hyb_398,1
Hyb_3226,1
Hyb_344,1
Hyb_4664,1
Hyb_4665,1
Hyb_3455,1
Hyb_3227,1
Hyb_4660,1
Hyb_4661,1
Hyb_62,1
Hyb_60,1
Hyb_2454,1
Hyb_3472,1
Hyb_810,1
Hyb_811,1
Hyb_812,1
Hyb_813,1
Hyb_814,1
Hyb_815,1
Hyb_816,1
Hyb_817,1
Hyb_3342,1
Hyb_5801,1
Hyb_4713,1
Hyb_4873,1
Hyb_5650,1
Hyb_3340,1
Hyb_4848,1
Hyb_4849,1
Hyb_4844,1
Hyb_4845,1
Hyb_3961,1
Hyb_3473,1
Hyb_3471,1
Hyb_4840,1
Hyb_3470,1
Hyb_2457,1
Hyb_2456,1
Hyb_2451,1
Hyb_2906,1
Hyb_2905,1
Hyb_2904,1
Hyb_1405,1
Hyb_5201,1
Hyb_3967,1
Hyb_3346,1
Hyb_4303,1
Hyb_1404,1
Hyb_5405,1
Hyb_4152,1
Hyb_5522,1
Hyb_818,1
Hyb_819,1
Hyb_3476,1
Hyb_3477,1
Hyb_4847,1
Hyb_4841,1
Hyb_5818,1
Hyb_2057,1
Hyb_2059,1
Hyb_2058,1
Hyb_3502,1
Hyb_3503,1
Hyb_3504,1
Hyb_3505,1
Hyb_3506,1
Hyb_3507,1
Hyb_2540,1
Hyb_5155,1
Hyb_3349,1
Hyb_5570,1
Hyb_3963,1
Hyb_3348,1
Hyb_5474,1
Hyb_3606,1
Hyb_4721,1
Hyb_3891,1
Hyb_5657,1
Hyb_2056,1
Hyb_2054,1
Hyb_4842,1
Hyb_2055,1
Hyb_4843,1
Hyb_2293,1
Hyb_2292,1
Hyb_2291,1
Hyb_2290,1
Hyb_2297,1
Hyb_2296,1
Hyb_2295,1
Hyb_2294,1
Hyb_5829,1
Hyb_5828,1
Hyb_2299,1
Hyb_2298,1
Hyb_3411,1
Hyb_3962,1
Hyb_2051,1
Hyb_2050,1
Hyb_2053,1
Hyb_2052,1
Hyb_1645,1
Hyb_1131,1
Hyb_2956,1
Hyb_4500,1
Hyb_1740,1
Hyb_1741,1
Hyb_1742,1
Hyb_1743,1
Hyb_4505,1
Hyb_4504,1
Hyb_1588,1
Hyb_1589,1
Hyb_4469,1
Hyb_3741,1
Hyb_1130,1
Hyb_4502,1
Hyb_1582,1
Hyb_1583,1
Hyb_1580,1
Hyb_1581,1
Hyb_1586,1
Hyb_1587,1
Hyb_1584,1
Hyb_1585,1
Hyb_1211,1
Hyb_1210,1
Hyb_1213,1
Hyb_1212,1
Hyb_4886,1
Hyb_4887,1
Hyb_1032,1
Hyb_1033,1
Hyb_1030,1
Hyb_1031,1
Hyb_1036,1
Hyb_1037,1
Hyb_1034,1
Hyb_1035,1
Hyb_1038,1
Hyb_1039,1
Hyb_3519,1
Hyb_4195,1
Hyb_1218,1
Hyb_1219,1
Hyb_1748,1
Hyb_1749,1
Hyb_1511,1
Hyb_289,1
Hyb_288,1
Hyb_5698,1
Hyb_511,1
Hyb_513,1
Hyb_512,1
Hyb_515,1
Hyb_514,1
Hyb_517,1
Hyb_516,1
Hyb_519,1
Hyb_518,1
Hyb_2487,1
Hyb_3857,1
Hyb_3924,1
Hyb_4192,1
Hyb_4479,1
Hyb_4478,1
Hyb_2484,1
Hyb_3927,1
Hyb_1368,1
Hyb_1369,1
Hyb_1366,1
Hyb_2486,1
Hyb_736,1
Hyb_3570,1
Hyb_737,1
Hyb_281,1
Hyb_280,1
Hyb_283,1
Hyb_282,1
Hyb_285,1
Hyb_284,1
Hyb_287,1
Hyb_286,1
Hyb_739,1
Hyb_738,1
Hyb_4998,1
Hyb_4383,1
Hyb_4115,1
Hyb_731,1
Hyb_730,1
Hyb_733,1
Hyb_732,1
Hyb_735,1
Hyb_734,1
Hyb_3518,1
Hyb_4194,1
Hyb_4883,1
Hyb_5789,1
Hyb_3855,1
Hyb_3819,1
Hyb_5376,1
Hyb_1484,1
Hyb_2545,1
Hyb_4529,1
Hyb_3854,1
Hyb_4025,1
Hyb_3729,1
Hyb_3353,1
Hyb_4696,1
Hyb_2483,1
Hyb_2546,1
Hyb_5481,1
Hyb_1489,1
Hyb_5598,1
Hyb_5377,1
Hyb_5178,1
Hyb_2329,1
Hyb_5596,1
Hyb_1485,1
Hyb_1488,1
Hyb_2485,1
Hyb_5849,1
Hyb_4750,1
Hyb_2037,1
Hyb_2036,1
Hyb_2035,1
Hyb_2034,1
Hyb_2033,1
Hyb_2032,1
Hyb_2031,1
Hyb_2030,1
Hyb_3526,1
Hyb_3527,1
Hyb_3524,1
Hyb_3525,1
Hyb_3522,1
Hyb_3523,1
Hyb_2039,1
Hyb_2038,1
Hyb_4196,1
Hyb_2328,1
Hyb_3350,1
Hyb_4882,1
Hyb_4830,1
Hyb_5798,1
Hyb_1108,1
Hyb_1109,1
Hyb_4046,1
Hyb_4648,1
Hyb_4460,1
Hyb_4642,1
Hyb_4643,1
Hyb_4640,1
Hyb_4641,1
Hyb_4041,1
Hyb_4647,1
Hyb_4644,1
Hyb_4645,1
Hyb_4888,1
Hyb_4889,1
Hyb_3685,1
Hyb_4880,1
Hyb_4881,1
Hyb_3888,1
Hyb_5128,1
Hyb_2323,1
Hyb_1101,1
Hyb_2322,1
Hyb_2321,1
Hyb_2320,1
Hyb_2327,1
Hyb_2326,1
Hyb_2325,1
Hyb_2324,1
Hyb_5179,1
Hyb_5702,1
Hyb_5882,1
Hyb_3858,1
Hyb_3681,1
Hyb_1106,1
Hyb_1107,1
Hyb_1104,1
Hyb_1105,1
Hyb_1102,1
Hyb_1103,1
Hyb_1100,1
Hyb_1367,1
Hyb_1364,1
Hyb_1365,1
Hyb_4250,1
Hyb_4252,1
Hyb_4255,1
Hyb_4254,1
Hyb_4257,1
Hyb_4256,1
Hyb_4259,1
Hyb_4258,1
Hyb_5302,1
Hyb_5303,1
Hyb_5304,1
Hyb_5305,1
Hyb_1832,1
Hyb_5307,1
Hyb_2622,1
Hyb_2623,1
Hyb_2620,1
Hyb_2621,1
Hyb_2626,1
Hyb_2627,1
Hyb_4253,1
Hyb_4251,1
Hyb_2625,1
Hyb_3990,1
Hyb_3065,1
Hyb_3064,1
Hyb_3069,1
Hyb_3068,1
Hyb_4093,1
Hyb_4092,1
Hyb_4091,1
Hyb_4090,1
Hyb_4097,1
Hyb_4096,1
Hyb_3999,1
Hyb_3998,1
Hyb_3997,1
Hyb_3996,1
Hyb_3995,1
Hyb_3994,1
Hyb_3993,1
Hyb_3992,1
Hyb_3991,1
Hyb_2624,1
Hyb_2628,1
Hyb_3067,1
Hyb_3191,1
Hyb_1057,1
Hyb_5151,1
Hyb_4465,1
Hyb_3199,1
Hyb_1056,1
Hyb_333,1
Hyb_2828,1
Hyb_2829,1
Hyb_1055,1
Hyb_1930,1
Hyb_2825,1
Hyb_2826,1
Hyb_2827,1
Hyb_2820,1
Hyb_1054,1
Hyb_2822,1
Hyb_2823,1
Hyb_2954,1
Hyb_2955,1
Hyb_3190,1
Hyb_3192,1
Hyb_1052,1
Hyb_3193,1
Hyb_804,1
Hyb_5670,1
Hyb_3207,1
Hyb_3206,1
Hyb_1051,1
Hyb_3204,1
Hyb_3203,1
Hyb_3202,1
Hyb_3201,1
Hyb_3200,1
Hyb_5673,1
Hyb_1050,1
Hyb_5741,1
Hyb_3209,1
Hyb_3208,1
Hyb_3197,1
Hyb_3196,1
Hyb_3195,1
Hyb_3194,1
Hyb_3066,1
Hyb_3060,1
Hyb_1362,1
Hyb_354,1
Hyb_352,1
Hyb_351,1
Hyb_350,1
Hyb_1563,1
Hyb_5569,1
Hyb_609,1
Hyb_608,1
Hyb_359,1
Hyb_358,1
Hyb_2481,1
Hyb_4993,1
Hyb_4404,1
Hyb_4325,1
Hyb_4992,1
Hyb_5513,1
Hyb_4089,1
Hyb_4995,1
Hyb_5154,1
Hyb_4326,1
Hyb_353,1
Hyb_355,1
Hyb_4088,1
Hyb_356,1
Hyb_1363,1
Hyb_1360,1
Hyb_1361,1
Hyb_1,1
Hyb_3,1
Hyb_2,1
Hyb_5,1
Hyb_2482,1
Hyb_7,1
Hyb_6,1
Hyb_9,1
Hyb_8,1
Hyb_1694,1
Hyb_1695,1
Hyb_1692,1
Hyb_1693,1
Hyb_1690,1
Hyb_1691,1
Hyb_605,1
Hyb_3637,1
Hyb_4327,1
Hyb_3061,1
Hyb_5273,1
Hyb_5279,1
Hyb_5514,1
Hyb_3665,1
Hyb_3664,1
Hyb_3667,1
Hyb_3666,1
Hyb_3661,1
Hyb_3660,1
Hyb_3663,1
Hyb_3662,1
Hyb_2631,1
Hyb_3848,1
Hyb_3859,1
Hyb_3669,1
Hyb_3668,1
Hyb_5679,1
Hyb_4949,1
Hyb_3063,1
Hyb_3062,1
Hyb_5278,1
Hyb_5272,1
Hyb_5868,1
Hyb_5271,1
Hyb_2232,1
Hyb_4057,1
Hyb_1964,1
Hyb_1965,1
Hyb_1966,1
Hyb_1967,1
Hyb_1960,1
Hyb_1961,1
Hyb_1962,1
Hyb_1963,1
Hyb_4676,1
Hyb_1968,1
Hyb_1969,1
Hyb_5515,1
Hyb_5274,1
Hyb_5275,1
Hyb_5276,1
Hyb_5277,1
Hyb_4604,1
Hyb_5388,1
Hyb_4020,1
Hyb_3707,1
Hyb_5499,1
Hyb_2872,1
Hyb_1358,1
Hyb_1829,1
Hyb_1828,1
Hyb_5537,1
Hyb_1353,1
Hyb_1824,1
Hyb_1351,1
Hyb_1350,1
Hyb_1821,1
Hyb_1356,1
Hyb_1355,1
Hyb_1354,1
Hyb_4466,1
Hyb_4467,1
Hyb_4464,1
Hyb_4401,1
Hyb_4462,1
Hyb_4463,1
Hyb_3744,1
Hyb_529,1
Hyb_1495,1
Hyb_528,1
Hyb_704,1
Hyb_705,1
Hyb_706,1
Hyb_2440,1
Hyb_700,1
Hyb_701,1
Hyb_2385,1
Hyb_703,1
Hyb_524,1
Hyb_525,1
Hyb_526,1
Hyb_527,1
Hyb_520,1
Hyb_521,1
Hyb_522,1
Hyb_523,1
Hyb_5534,1
Hyb_3743,1
Hyb_2871,1
Hyb_3747,1
Hyb_2874,1
Hyb_709,1
Hyb_5591,1
Hyb_5328,1
Hyb_5579,1
Hyb_5078,1
Hyb_5077,1
Hyb_5034,1
Hyb_4405,1
Hyb_1911,1
Hyb_1910,1
Hyb_1913,1
Hyb_1491,1
Hyb_1915,1
Hyb_1914,1
Hyb_1917,1
Hyb_1916,1
Hyb_1919,1
Hyb_1918,1
Hyb_3488,1
Hyb_4040,1
Hyb_5074,1
Hyb_5805,1
Hyb_5044,1
Hyb_5114,1
Hyb_4549,1
Hyb_5117,1
Hyb_3748,1
Hyb_5111,1
Hyb_5110,1
Hyb_4468,1
Hyb_2875,1
Hyb_5478,1
Hyb_4400,1
Hyb_5045,1
Hyb_3749,1
Hyb_1494,1
Hyb_5036,1
Hyb_2877,1
Hyb_5856,1
Hyb_4728,1
Hyb_3945,1
Hyb_4548,1
Hyb_1493,1
Hyb_4183,1
Hyb_5586,1
Hyb_708,1
Hyb_5202,1
Hyb_3628,1
Hyb_5672,1
Hyb_597,1
Hyb_4677,1
Hyb_1043,1
Hyb_4675,1
Hyb_1885,1
Hyb_4673,1
Hyb_4672,1
Hyb_4671,1
Hyb_591,1
Hyb_4583,1
Hyb_1042,1
Hyb_5257,1
Hyb_2397,1
Hyb_1882,1
Hyb_4678,1
Hyb_5648,1
Hyb_1041,1
Hyb_1883,1
Hyb_4409,1
Hyb_389,1
Hyb_1008,1
Hyb_388,1
Hyb_1137,1
Hyb_1136,1
Hyb_1135,1
Hyb_1134,1
Hyb_3361,1
Hyb_1139,1
Hyb_1138,1
Hyb_1649,1
Hyb_1648,1
Hyb_1046,1
Hyb_3360,1
Hyb_380,1
Hyb_381,1
Hyb_382,1
Hyb_383,1
Hyb_384,1
Hyb_385,1
Hyb_386,1
Hyb_387,1
Hyb_1009,1
Hyb_1007,1
Hyb_3740,1
Hyb_1223,1
Hyb_1221,1
Hyb_1220,1
Hyb_5021,1
Hyb_5020,1
Hyb_4518,1
Hyb_4519,1
Hyb_5025,1
Hyb_5024,1
Hyb_1229,1
Hyb_1228,1
Hyb_3493,1
Hyb_1460,1
Hyb_5575,1
Hyb_5493,1
Hyb_5494,1
Hyb_4044,1
Hyb_4300,1
Hyb_5574,1
Hyb_2443,1
Hyb_1222,1
Hyb_1224,1
Hyb_1006,1
Hyb_1225,1
Hyb_1005,1
Hyb_1004,1
Hyb_1003,1
Hyb_1002,1
Hyb_1001,1
Hyb_1000,1
Hyb_1739,1
Hyb_1738,1
Hyb_1881,1
Hyb_1731,1
Hyb_1730,1
Hyb_1733,1
Hyb_1732,1
Hyb_1735,1
Hyb_1734,1
Hyb_1737,1
Hyb_1736,1
Hyb_1227,1
Hyb_1226,1
Hyb_1490,1
Hyb_3245,1
Hyb_3516,1
Hyb_2927,1
Hyb_2929,1
Hyb_2928,1
Hyb_3719,1
Hyb_1154,1
Hyb_2103,1
Hyb_2102,1
Hyb_830,1
Hyb_831,1
Hyb_836,1
Hyb_837,1
Hyb_834,1
Hyb_835,1
Hyb_3320,1
Hyb_3321,1
Hyb_838,1
Hyb_839,1
Hyb_3324,1
Hyb_3325,1
Hyb_3326,1
Hyb_2926,1
Hyb_2924,1
Hyb_3698,1
Hyb_2925,1
Hyb_3183,1
Hyb_5386,1
Hyb_3188,1
Hyb_3189,1
Hyb_2859,1
Hyb_2858,1
Hyb_5387,1
Hyb_2851,1
Hyb_2850,1
Hyb_2853,1
Hyb_2852,1
Hyb_2855,1
Hyb_2854,1
Hyb_2857,1
Hyb_2856,1
Hyb_2921,1
Hyb_2920,1
Hyb_2923,1
Hyb_2922,1
Hyb_3327,1
Hyb_3699,1
Hyb_3181,1
Hyb_4860,1
Hyb_3780,1
Hyb_4867,1
Hyb_4864,1
Hyb_4865,1
Hyb_4751,1
Hyb_5590,1
Hyb_3705,1
Hyb_4869,1
Hyb_5595,1
Hyb_5594,1
Hyb_5597,1
Hyb_3706,1
Hyb_5482,1
Hyb_5846,1
Hyb_5845,1
Hyb_3964,1
Hyb_3474,1
Hyb_3781,1
Hyb_5751,1
Hyb_4861,1
Hyb_3704,1
Hyb_3701,1
Hyb_4862,1
Hyb_3690,1
Hyb_3691,1
Hyb_3692,1
Hyb_3693,1
Hyb_3694,1
Hyb_3695,1
Hyb_3696,1
Hyb_3697,1
Hyb_3703,1
Hyb_2589,1
Hyb_2588,1
Hyb_2587,1
Hyb_2586,1
Hyb_2585,1
Hyb_2584,1
Hyb_2583,1
Hyb_2582,1
Hyb_2581,1
Hyb_2580,1
Hyb_3182,1
Hyb_3180,1
Hyb_5204,1
Hyb_1344,1
Hyb_3071,1
Hyb_3072,1
Hyb_3073,1
Hyb_3074,1
Hyb_3075,1
Hyb_3076,1
Hyb_3077,1
Hyb_3078,1
Hyb_3079,1
Hyb_4538,1
Hyb_4080,1
Hyb_4081,1
Hyb_4082,1
Hyb_4083,1
Hyb_3988,1
Hyb_3989,1
Hyb_3889,1
Hyb_4087,1
Hyb_3984,1
Hyb_3070,1
Hyb_3850,1
Hyb_3986,1
Hyb_3853,1
Hyb_5207,1
Hyb_4545,1
Hyb_5209,1
Hyb_5208,1
Hyb_5072,1
Hyb_4542,1
Hyb_3672,1
Hyb_3673,1
Hyb_3670,1
Hyb_3671,1
Hyb_3676,1
Hyb_3677,1
Hyb_3674,1
Hyb_3675,1
Hyb_3856,1
Hyb_2970,1
Hyb_3678,1
Hyb_3679,1
Hyb_3852,1
Hyb_3985,1
Hyb_3987,1
Hyb_3187,1
Hyb_2614,1
Hyb_2612,1
Hyb_2611,1
Hyb_2610,1
Hyb_3214,1
Hyb_3215,1
Hyb_3216,1
Hyb_3217,1
Hyb_3210,1
Hyb_3211,1
Hyb_3212,1
Hyb_3213,1
Hyb_2480,1
Hyb_5177,1
Hyb_3218,1
Hyb_3219,1
Hyb_3709,1
Hyb_3184,1
Hyb_3185,1
Hyb_3186,1
Hyb_2613,1
Hyb_2615,1
Hyb_3980,1
Hyb_2616,1
Hyb_3981,1
Hyb_3982,1
Hyb_3983,1
Hyb_4636,1
Hyb_4248,1
Hyb_4249,1
Hyb_4246,1
Hyb_4247,1
Hyb_4244,1
Hyb_3483,1
Hyb_4242,1
Hyb_4243,1
Hyb_4240,1
Hyb_4241,1
Hyb_2809,1
Hyb_3482,1
Hyb_2619,1
Hyb_2618,1
Hyb_2617,1
Hyb_797,1
